date_EST,status,aircraft.iataCode,aircraft.icao24,aircraft.icaoCode,aircraft.regNumber,airline.iataCode,airline.icaoCode,nameAirline,flight.iataNumber,flight.icaoNumber,geography.altitude,geography.direction,geography.latitude,geography.longitude,speed.horizontal,speed.isGround,departure.airportId,departure.nameAirport,departure.iataCode,departure.icaoCode,departure.codeIataCity,departure.codeIso2Country,departure.nameCountry,departure.latitudeAirport,departure.longitudeAirport,departure.timezone,arrival.airportId,arrival.nameAirport,arrival.iataCode,arrival.icaoCode,arrival.codeIataCity,arrival.codeIso2Country,arrival.nameCountry,arrival.latitudeAirport,arrival.longitudeAirport,arrival.timezone
2023-05-18 15:24:12,en-route,B752,A8DF06,B752,N6707A,DL,DAL,Delta Air Lines,DL447,DAL447,9753.6,260,34.03,-115.74,885.256,0,411,Hartsfield-jackson Atlanta International,ATL,KATL,ATL,US,United States,33.640068,-84.44403,America/New_York,7224.0,John Wayne,SNA,KSNA,SNA,US,United States,33.680202,-117.860535,America/Los_Angeles
2023-05-18 15:24:12,en-route,B753,A77AE0,B753,N581NW,DL,DAL,Delta Air Lines,DL895,DAL895,10363.2,266,34.55,-103.04,814.88,0,411,Hartsfield-jackson Atlanta International,ATL,KATL,ATL,US,United States,33.640068,-84.44403,America/New_York,4189.0,Los Angeles International,LAX,KLAX,LAX,US,United States,33.943398,-118.40828,America/Los_Angeles
2023-05-18 15:24:12,en-route,B752,A8DE56,B752,N6702,DL,DAL,Delta Air Lines,DL1375,DAL1375,6416.04,169,33.08,-84.19,700.056,0,411,Hartsfield-jackson Atlanta International,ATL,KATL,ATL,US,United States,33.640068,-84.44403,America/New_York,2344.0,Fort Lauderdale–Hollywood International,FLL,KFLL,FLL,US,United States,26.071491,-80.144905,America/New_York
2023-05-18 15:24:12,landed,A321,A446B6,A321,N375DN,DL,DAL,Delta Air Lines,DL796,DAL796,0.0,137,33.44,-112.02,31.484,1,411,Hartsfield-jackson Atlanta International,ATL,KATL,ATL,US,United States,33.640068,-84.44403,America/New_York,6100.0,Sky Harbor International,PHX,KPHX,PHX,US,United States,33.435036,-112.00016,America/Phoenix
2023-05-18 15:24:12,en-route,A321,A41F37,A321,N365DN,DL,DAL,Delta Air Lines,DL1173,DAL1173,10660.4,145,29.8,-82.73,853.772,0,411,Hartsfield-jackson Atlanta International,ATL,KATL,ATL,US,United States,33.640068,-84.44403,America/New_York,5966.0,Palm Beach International Airport,PBI,KPBI,PBI,US,United States,26.688885,-80.09044,America/New_York
2023-05-18 15:24:12,en-route,A321,A44308,A321,N374DX,DL,DAL,Delta Air Lines,DL423,DAL423,10363.2,290,36.85,-88.3,805.62,0,411,Hartsfield-jackson Atlanta International,ATL,KATL,ATL,US,United States,33.640068,-84.44403,America/New_York,7174.0,Salt Lake City International,SLC,KSLC,SLC,US,United States,40.785645,-111.980675,America/Denver
2023-05-18 15:24:12,en-route,B744,71BC36,B744,HL7436,OZ,AAR,Asiana,OZ247,AAR247,11582.4,296,57.08,-122.56,877.848,0,411,Hartsfield-jackson Atlanta International,ATL,KATL,ATL,US,United States,33.640068,-84.44403,America/New_York,278.0,Ted Stevens Anchorage International Airport,ANC,PANC,ANC,US,United States,61.174442,-149.99638,America/Anchorage
2023-05-18 15:24:12,en-route,A21N,A66CE0,A21N,N513DA,DL,DAL,Delta Air Lines,DL350,DAL350,5981.7,62,41.61,-71.74,792.656,0,411,Hartsfield-jackson Atlanta International,ATL,KATL,ATL,US,United States,33.640068,-84.44403,America/New_York,876.0,Logan International,BOS,KBOS,BOS,US,United States,42.36646,-71.02018,America/New_York
2023-05-18 15:24:12,landed,B712,ACDFAB,B712,N929AT,DL,DAL,Delta Air Lines,DL2487,DAL2487,0.0,202,34.73,-92.22,27.78,1,411,Hartsfield-jackson Atlanta International,ATL,KATL,ATL,US,United States,33.640068,-84.44403,America/New_York,4351.0,Adams Field Airport,LIT,KLIT,LIT,US,United States,34.727432,-92.221375,America/Chicago
2023-05-18 15:24:12,en-route,A321,A4105B,A321,N361DN,DL,DAL,Delta Air Lines,DL499,DAL499,10370.8,288,36.69,-95.51,774.136,0,411,Hartsfield-jackson Atlanta International,ATL,KATL,ATL,US,United States,33.640068,-84.44403,America/New_York,1746.0,Denver International,DEN,KDEN,DEN,US,United States,39.84939,-104.672844,America/Denver
2023-05-18 15:24:12,en-route,CRJ9,A095AA,CRJ9,N137EV,DL,DAL,Delta Air Lines,DL4631,EDV4631,106.68,31,34.97,-78.9,255.576,0,411,Hartsfield-jackson Atlanta International,ATL,KATL,ATL,US,United States,33.640068,-84.44403,America/New_York,2263.0,Municipal,FAY,KFAY,FAY,US,United States,34.99132,-78.88722,America/New_York
2023-05-18 15:24:12,en-route,B739,AB3133,B739,N820DN,DL,DAL,Delta Air Lines,DL1031,DAL1031,10058.4,359,39.23,-82.31,883.404,0,411,Hartsfield-jackson Atlanta International,ATL,KATL,ATL,US,United States,33.640068,-84.44403,America/New_York,1936.0,Detroit Metropolitan Wayne County,DTW,KDTW,DTT,US,United States,42.20781,-83.35605,America/Detroit
2023-05-18 15:24:12,en-route,A321,A46E40,A321,N385DZ,DL,DAL,Delta Air Lines,DL1109,DAL1109,9753.6,276,35.21,-92.01,781.544,0,411,Hartsfield-jackson Atlanta International,ATL,KATL,ATL,US,United States,33.640068,-84.44403,America/New_York,41.0,Albuquerque International,ABQ,KABQ,ABQ,US,United States,35.049625,-106.617195,America/Denver
2023-05-18 15:24:12,en-route,A320,A43C7A,A320,N372NW,DL,DAL,Delta Air Lines,DL455,DAL455,8839.2,43,36.79,-78.42,926.0,0,411,Hartsfield-jackson Atlanta International,ATL,KATL,ATL,US,United States,33.640068,-84.44403,America/New_York,1718.0,Ronald Reagan Washington National Airport,DCA,KDCA,WAS,US,United States,38.853436,-77.04346,America/New_York
2023-05-18 15:24:12,en-route,B712,ACD0CF,B712,N925AT,DL,DAL,Delta Air Lines,DL1144,DAL1144,10363.2,277,35.39,-93.01,764.876,0,411,Hartsfield-jackson Atlanta International,ATL,KATL,ATL,US,United States,33.640068,-84.44403,America/New_York,7972.0,Tulsa International,TUL,KTUL,TUL,US,United States,36.189808,-95.8901,America/Chicago
2023-05-18 15:24:12,en-route,B752,A8FD73,B752,N679DA,DL,DAL,Delta Air Lines,DL697,DAL697,1501.14,237,47.77,-122.23,477.816,0,411,Hartsfield-jackson Atlanta International,ATL,KATL,ATL,US,United States,33.640068,-84.44403,America/New_York,7004.0,Seattle-Tacoma International,SEA,KSEA,SEA,US,United States,47.44384,-122.301735,America/Los_Angeles
2023-05-18 15:24:12,en-route,B739,AC01D3,B739,N873DN,DL,DAL,Delta Air Lines,DL1005,DAL1005,899.16,76,33.65,-84.35,390.772,0,411,Hartsfield-jackson Atlanta International,ATL,KATL,ATL,US,United States,33.640068,-84.44403,America/New_York,1936.0,Detroit Metropolitan Wayne County,DTW,KDTW,DTT,US,United States,42.20781,-83.35605,America/Detroit
2023-05-18 15:24:12,en-route,A321,A402DD,A321,N358DN,DL,DAL,Delta Air Lines,DL921,DAL921,457.2,180,32.97,-97.03,270.392,0,411,Hartsfield-jackson Atlanta International,ATL,KATL,ATL,US,United States,33.640068,-84.44403,America/New_York,1756.0,Dallas/Fort Worth International,DFW,KDFW,DFW,US,United States,32.89746,-97.036125,America/Chicago
2023-05-18 15:24:12,en-route,B753,A7B4F2,B753,N596NW,DL,DAL,Delta Air Lines,DL894,DAL894,8526.78,241,33.94,-115.05,711.168,0,411,Hartsfield-jackson Atlanta International,ATL,KATL,ATL,US,United States,33.640068,-84.44403,America/New_York,6920.0,San Diego International Airport,SAN,KSAN,SAN,US,United States,32.731937,-117.19731,America/Los_Angeles
2023-05-18 15:24:12,en-route,A320,A5F1CA,A320,N482UA,UA,UAL,United Airlines,UA730,UAL730,10058.4,50,34.56,-82.12,566.712,0,411,Hartsfield-jackson Atlanta International,ATL,KATL,ATL,US,United States,33.640068,-84.44403,America/New_York,3159.0,Washington Dulles International,IAD,KIAD,WAS,US,United States,38.95315,-77.44774,America/New_York
2023-05-18 15:24:12,landed,CRJ9,A7CC00,CRJ9,N601LR,DL,DAL,Delta Air Lines,DL4689,EDV4689,0.0,343,38.05,-87.53,0.0,1,411,Hartsfield-jackson Atlanta International,ATL,KATL,ATL,US,United States,33.640068,-84.44403,America/New_York,2222.0,Evansville Regional Airport,EVV,KEVV,EVV,US,United States,38.046165,-87.52796,America/Chicago
2023-05-18 15:24:12,landed,A319,AA234A,A319,N752US,AA,AAL,American Airlines,AA667,AAL667,0.0,222,41.97,-87.9,0.0,1,411,Hartsfield-jackson Atlanta International,ATL,KATL,ATL,US,United States,33.640068,-84.44403,America/New_York,5818.0,Chicago O'hare International,ORD,KORD,CHI,US,United States,41.976913,-87.90488,America/Chicago
2023-05-18 15:24:12,landed,B737,AC929C,B737,N909WN,WN,SWA,Southwest Airlines Co.,WN174,SWA174,0.0,351,32.84,-96.85,25.928,1,411,Hartsfield-jackson Atlanta International,ATL,KATL,ATL,US,United States,33.640068,-84.44403,America/New_York,1692.0,Love Field,DAL,KDAL,DFW,US,United States,32.84391,-96.85,America/Chicago
2023-05-18 15:24:12,en-route,CRJ9,A9360E,CRJ9,N693CA,DL,DAL,Delta Air Lines,DL3612,SKW3612,10187.9,331,37.99,-87.14,788.952,0,411,Hartsfield-jackson Atlanta International,ATL,KATL,ATL,US,United States,33.640068,-84.44403,America/New_York,820.0,Central Illinois Regional Airport at Bloomington-Normal,BMI,KBMI,BMI,US,United States,40.48401,-88.91483,America/Chicago
2023-05-18 15:24:12,landed,A359,A63DFF,A359,N501DN,DL,DAL,Delta Air Lines,DL27,DAL27,0.0,323,37.47,126.44,0.0,1,411,Hartsfield-jackson Atlanta International,ATL,KATL,ATL,US,United States,33.640068,-84.44403,America/New_York,3183.0,Seoul (Incheon),ICN,RKSI,SEL,KR,South Korea,37.448524,126.45123,Asia/Seoul
2023-05-18 15:24:12,en-route,B748,71BE44,B748,HL7644,KE,KAL,Korean Air,KE36,KAL036,9753.6,303,41.82,-97.55,837.104,0,411,Hartsfield-jackson Atlanta International,ATL,KATL,ATL,US,United States,33.640068,-84.44403,America/New_York,3183.0,Seoul (Incheon),ICN,RKSI,SEL,KR,South Korea,37.448524,126.45123,Asia/Seoul
2023-05-18 15:24:12,en-route,B739,AC8217,B739,N905DN,DL,DAL,Delta Air Lines,DL952,DAL952,3596.64,326,38.97,-94.38,638.94,0,411,Hartsfield-jackson Atlanta International,ATL,KATL,ATL,US,United States,33.640068,-84.44403,America/New_York,4701.0,Kansas City International Airport,MCI,KMCI,MKC,US,United States,39.293808,-94.719925,America/Chicago
2023-05-18 15:24:12,en-route,A321,A4795A,A321,N388DN,DL,DAL,Delta Air Lines,DL457,DAL457,2148.84,263,34.0,-117.92,513.004,0,411,Hartsfield-jackson Atlanta International,ATL,KATL,ATL,US,United States,33.640068,-84.44403,America/New_York,4189.0,Los Angeles International,LAX,KLAX,LAX,US,United States,33.943398,-118.40828,America/Los_Angeles
2023-05-18 15:24:12,en-route,A321,A02C94,A321,N110DX,DL,DAL,Delta Air Lines,DL541,DAL541,4312.92,71,33.71,-83.82,657.46,0,411,Hartsfield-jackson Atlanta International,ATL,KATL,ATL,US,United States,33.640068,-84.44403,America/New_York,4297.0,La Guardia,LGA,KLGA,NYC,US,United States,40.774254,-73.87162,America/New_York
2023-05-18 15:24:12,en-route,CRJ9,A30961,CRJ9,N295PQ,DL,DAL,Delta Air Lines,DL4696,EDV4696,4114.8,81,34.15,-78.96,672.276,0,411,Hartsfield-jackson Atlanta International,ATL,KATL,ATL,US,United States,33.640068,-84.44403,America/New_York,3260.0,Wilmington International,ILM,KILM,ILM,US,United States,34.26705,-77.91063,America/New_York
2023-05-18 15:24:12,en-route,B752,A6C88A,B752,N536US,DL,DAL,Delta Air Lines,DL452,DAL452,11582.4,292,44.91,-105.91,827.844,0,411,Hartsfield-jackson Atlanta International,ATL,KATL,ATL,US,United States,33.640068,-84.44403,America/New_York,7004.0,Seattle-Tacoma International,SEA,KSEA,SEA,US,United States,47.44384,-122.301735,America/Los_Angeles
2023-05-18 15:24:12,en-route,B738,AD7ECE,B738,N969NN,AA,AAL,American Airlines,AA980,AAL980,7315.2,233,33.06,-88.42,818.584,0,411,Hartsfield-jackson Atlanta International,ATL,KATL,ATL,US,United States,33.640068,-84.44403,America/New_York,1756.0,Dallas/Fort Worth International,DFW,KDFW,DFW,US,United States,32.89746,-97.036125,America/Chicago
2023-05-18 15:24:12,en-route,B739,AC181D,B739,N879DN,DL,DAL,Delta Air Lines,DL662,DAL662,9753.6,277,35.59,-94.8,811.176,0,411,Hartsfield-jackson Atlanta International,ATL,KATL,ATL,US,United States,33.640068,-84.44403,America/New_York,7038.0,San Francisco International,SFO,KSFO,SFO,US,United States,37.615215,-122.38988,America/Los_Angeles
2023-05-18 15:24:12,landed,A319,A69900,A319,N524NK,NK,NKS,Spirit Airlines,NK762,NKS762,0.0,2,41.97,-87.93,16.668,1,411,Hartsfield-jackson Atlanta International,ATL,KATL,ATL,US,United States,33.640068,-84.44403,America/New_York,5818.0,Chicago O'hare International,ORD,KORD,CHI,US,United States,41.976913,-87.90488,America/Chicago
2023-05-18 15:24:12,en-route,A333,AB1D30,A333,N815NW,DL,DAL,Delta Air Lines,DL837,DAL837,10972.8,255,33.24,-123.76,861.18,0,411,Hartsfield-jackson Atlanta International,ATL,KATL,ATL,US,United States,33.640068,-84.44403,America/New_York,3014.0,Honolulu International,HNL,PHNL,HNL,US,United States,21.325832,-157.92166,Pacific/Honolulu
2023-05-18 15:24:12,started,B77L,899134,B77L,B-16785,BR,EVA,EVA Air,BR667,EVA667,0.0,357,33.63,-84.43,0.0,1,411,Hartsfield-jackson Atlanta International,ATL,KATL,ATL,US,United States,33.640068,-84.44403,America/New_York,278.0,Ted Stevens Anchorage International Airport,ANC,PANC,ANC,US,United States,61.174442,-149.99638,America/Anchorage
2023-05-18 15:24:12,en-route,A21N,A6B0BD,A21N,N530DE,DL,DAL,Delta Air Lines,DL753,DAL753,9753.6,283,32.7,-89.9,777.84,0,411,Hartsfield-jackson Atlanta International,ATL,KATL,ATL,US,United States,33.640068,-84.44403,America/New_York,4189.0,Los Angeles International,LAX,KLAX,LAX,US,United States,33.943398,-118.40828,America/Los_Angeles
2023-05-18 15:24:12,en-route,B739,ACB10A,B739,N917DU,DL,DAL,Delta Air Lines,DL721,DAL721,10645.1,258,37.91,-119.13,840.808,0,411,Hartsfield-jackson Atlanta International,ATL,KATL,ATL,US,United States,33.640068,-84.44403,America/New_York,7038.0,San Francisco International,SFO,KSFO,SFO,US,United States,37.615215,-122.38988,America/Los_Angeles
2023-05-18 15:24:12,en-route,B738,A466C7,B738,N383DN,DL,DAL,Delta Air Lines,DL1008,DAL1008,10668.0,19,36.82,-83.28,935.26,0,411,Hartsfield-jackson Atlanta International,ATL,KATL,ATL,US,United States,33.640068,-84.44403,America/New_York,1402.0,Port Columbus International,CMH,KCMH,CMH,US,United States,39.99818,-82.884964,America/New_York
2023-05-18 15:24:12,en-route,A321,A44A6D,A321,N376DN,DL,DAL,Delta Air Lines,DL555,DAL555,7147.56,266,35.83,-112.91,770.432,0,411,Hartsfield-jackson Atlanta International,ATL,KATL,ATL,US,United States,33.640068,-84.44403,America/New_York,4184.0,Mc Carran International,LAS,KLAS,LAS,US,United States,36.086945,-115.1486,America/Los_Angeles
2023-05-18 15:24:12,en-route,B753,A7912A,B753,N587NW,DL,DAL,Delta Air Lines,DL707,DAL707,9753.6,278,34.62,-89.62,788.952,0,411,Hartsfield-jackson Atlanta International,ATL,KATL,ATL,US,United States,33.640068,-84.44403,America/New_York,4184.0,Mc Carran International,LAS,KLAS,LAS,US,United States,36.086945,-115.1486,America/Los_Angeles
2023-05-18 15:24:12,en-route,A320,A3A235,A320,N333NW,DL,DAL,Delta Air Lines,DL2381,DAL2381,6766.56,252,30.19,-94.49,685.24,0,411,Hartsfield-jackson Atlanta International,ATL,KATL,ATL,US,United States,33.640068,-84.44403,America/New_York,3039.0,William P Hobby,HOU,KHOU,HOU,US,United States,29.654512,-95.277016,America/Chicago
2023-05-18 15:24:12,en-route,B739,AAED5A,B739,N803DN,DL,DAL,Delta Air Lines,DL954,DAL954,8763.0,263,45.54,-120.13,775.988,0,411,Hartsfield-jackson Atlanta International,ATL,KATL,ATL,US,United States,33.640068,-84.44403,America/New_York,6023.0,Portland International,PDX,KPDX,PDX,US,United States,45.588997,-122.5929,America/Los_Angeles
2023-05-18 15:24:12,en-route,CRJ9,AC92B1,CRJ9,N909XJ,DL,DAL,Delta Air Lines,DL5347,EDV5347,6591.3,53,34.22,-83.3,861.18,0,411,Hartsfield-jackson Atlanta International,ATL,KATL,ATL,US,United States,33.640068,-84.44403,America/New_York,29.0,Lehigh Valley International,ABE,KABE,ABE,US,United States,40.651573,-75.434364,America/New_York
2023-05-18 15:24:12,en-route,B752,A9450D,B752,N697DL,DL,DAL,Delta Air Lines,DL679,DAL679,10363.2,309,37.54,-88.39,818.584,0,411,Hartsfield-jackson Atlanta International,ATL,KATL,ATL,US,United States,33.640068,-84.44403,America/New_York,7004.0,Seattle-Tacoma International,SEA,KSEA,SEA,US,United States,47.44384,-122.301735,America/Los_Angeles
2023-05-18 15:24:12,en-route,A321,A48321,A321,N390DN,DL,DAL,Delta Air Lines,DL1397,DAL1397,9144.0,248,32.15,-89.98,855.624,0,411,Hartsfield-jackson Atlanta International,ATL,KATL,ATL,US,United States,33.640068,-84.44403,America/New_York,443.0,Austin-bergstrom International,AUS,KAUS,AUS,US,United States,30.202545,-97.66706,America/Chicago
2023-05-18 15:24:12,landed,B739,AB7A21,B739,N839DN,DL,DAL,Delta Air Lines,DL2282,DAL2282,0.0,81,36.13,-86.67,14.816,1,411,Hartsfield-jackson Atlanta International,ATL,KATL,ATL,US,United States,33.640068,-84.44403,America/New_York,838.0,Nashville International,BNA,KBNA,BNA,US,United States,36.13174,-86.668945,America/Chicago
2023-05-18 15:24:12,en-route,A321,A43423,A321,N370DN,DL,DAL,Delta Air Lines,DL461,DAL461,10363.2,269,32.72,-93.5,250.02,0,411,Hartsfield-jackson Atlanta International,ATL,KATL,ATL,US,United States,33.640068,-84.44403,America/New_York,6100.0,Sky Harbor International,PHX,KPHX,PHX,US,United States,33.435036,-112.00016,America/Phoenix
2023-05-18 15:24:12,en-route,B739,AC4963,B739,N891DN,DL,DAL,Delta Air Lines,DL1112,DAL1112,6446.52,155,28.74,-83.34,651.904,0,411,Hartsfield-jackson Atlanta International,ATL,KATL,ATL,US,United States,33.640068,-84.44403,America/New_York,7335.0,Sarasota/Bradenton International,SRQ,KSRQ,SRQ,US,United States,27.38748,-82.55328,America/New_York
2023-05-18 15:24:12,en-route,B752,A9073A,B752,N681DA,DL,DAL,Delta Air Lines,DL1372,DAL1372,3352.8,102,28.86,-81.92,570.416,0,411,Hartsfield-jackson Atlanta International,ATL,KATL,ATL,US,United States,33.640068,-84.44403,America/New_York,4707.0,Orlando International,MCO,KMCO,ORL,US,United States,28.432177,-81.308304,America/New_York
2023-05-18 15:24:12,en-route,B752,AB34F3,B752,N821DX,DL,DAL,Delta Air Lines,DL1720,DAL1720,2567.94,151,28.37,-82.97,535.228,0,411,Hartsfield-jackson Atlanta International,ATL,KATL,ATL,US,United States,33.640068,-84.44403,America/New_York,7865.0,Tampa International,TPA,KTPA,TPA,US,United States,27.97987,-82.535416,America/New_York
2023-05-18 15:24:12,landed,A321,A38C60,A321,N328DN,DL,DAL,Delta Air Lines,DL2713,DAL2713,0.0,8,42.95,-87.9,40.744,1,411,Hartsfield-jackson Atlanta International,ATL,KATL,ATL,US,United States,33.640068,-84.44403,America/New_York,4898.0,General Mitchell International,MKE,KMKE,MKE,US,United States,42.948093,-87.90267,America/Chicago
2023-05-18 15:24:12,en-route,B738,AAA5D4,B738,N78524,UA,UAL,United Airlines,UA225,UAL225,11582.4,245,31.71,-91.35,805.62,0,411,Hartsfield-jackson Atlanta International,ATL,KATL,ATL,US,United States,33.640068,-84.44403,America/New_York,3161.0,George Bush Intercontinental,IAH,KIAH,HOU,US,United States,29.983334,-95.34,America/Chicago
2023-05-18 15:24:12,en-route,B752,A8E733,B752,N673DL,DL,DAL,Delta Air Lines,DL1323,DAL1323,2941.32,112,25.87,-80.93,544.488,0,411,Hartsfield-jackson Atlanta International,ATL,KATL,ATL,US,United States,33.640068,-84.44403,America/New_York,4845.0,Miami International Airport,MIA,KMIA,MIA,US,United States,25.796,-80.27824,America/New_York
2023-05-18 15:24:12,unknown,CRJ9,AB4508,CRJ9,N825SK,DL,DAL,Delta Air Lines,DL3571,SKW3571,716.28,48,41.03,-85.33,264.836,0,411,Hartsfield-jackson Atlanta International,ATL,KATL,ATL,US,United States,33.640068,-84.44403,America/New_York,2457.0,Municipal/Baer Field,FWA,KFWA,FWA,US,United States,40.98666,-85.18771,America/Indiana/Indianapolis
2023-05-18 15:24:12,en-route,B738,AA7BEA,B738,N775DE,DL,DAL,Delta Air Lines,DL2647,DAL2647,8465.82,39,39.24,-76.12,881.552,0,411,Hartsfield-jackson Atlanta International,ATL,KATL,ATL,US,United States,33.640068,-84.44403,America/New_York,2232.0,Newark Liberty International,EWR,KEWR,NYC,US,United States,40.68907,-74.17876,America/New_York
2023-05-18 15:24:12,en-route,A359,A75283,A359,N571DZ,DL,DAL,Delta Air Lines,DL248,DAL248,10668.0,53,35.79,-80.68,1000.08,0,411,Hartsfield-jackson Atlanta International,ATL,KATL,ATL,US,United States,33.640068,-84.44403,America/New_York,7785.0,Ben Gurion International,TLV,LLBG,TLV,IL,Israel,32.000454,34.870743,Asia/Jerusalem
2023-05-18 15:24:12,en-route,A359,A66CF7,A359,N513DZ,DL,DAL,Delta Air Lines,DL295,DAL295,10972.8,315,42.48,-94.1,825.992,0,411,Hartsfield-jackson Atlanta International,ATL,KATL,ATL,US,United States,33.640068,-84.44403,America/New_York,3009.0,Haneda Airport,HND,RJTT,TYO,JP,Japan,35.54907,139.78453,Asia/Tokyo
2023-05-18 15:24:12,en-route,CRJ7,A486B3,CRJ7,N391CA,DL,DAL,Delta Air Lines,DL5554,EDV5554,1005.84,125,31.26,-81.75,496.336,0,411,Hartsfield-jackson Atlanta International,ATL,KATL,ATL,US,United States,33.640068,-84.44403,America/New_York,908.0,Glynco Jetport,BQK,KBQK,SSI,US,United States,31.166668,-81.48333,America/New_York
2023-05-18 15:24:12,en-route,B744,4B8466,B744,TC-ACF,9T,RUN,,TK6319,THY6319,9730.74,355,34.86,-84.64,988.968,0,411,Hartsfield-jackson Atlanta International,ATL,KATL,ATL,US,United States,33.640068,-84.44403,America/New_York,5818.0,Chicago O'hare International,ORD,KORD,CHI,US,United States,41.976913,-87.90488,America/Chicago
2023-05-18 15:24:12,en-route,B752,A8BBFF,B752,N662DN,DL,DAL,Delta Air Lines,DL8842,DAL8842,10027.9,178,31.73,-84.4,824.14,0,411,Hartsfield-jackson Atlanta International,ATL,KATL,ATL,US,United States,33.640068,-84.44403,America/New_York,4845.0,Miami International Airport,MIA,KMIA,MIA,US,United States,25.796,-80.27824,America/New_York
2023-05-18 15:24:12,en-route,B739,AC9E77,B739,N912DU,DL,DAL,Delta Air Lines,DL2131,DAL2131,10058.4,54,34.9,-82.16,918.592,0,411,Hartsfield-jackson Atlanta International,ATL,KATL,ATL,US,United States,33.640068,-84.44403,America/New_York,6091.0,Philadelphia International,PHL,KPHL,PHL,US,United States,39.87641,-75.2433,America/New_York
2023-05-18 15:24:12,en-route,P180,A29E5F,P180,N268TA,,,,XXD,N268TA,8305.8,71,40.61,-72.85,744.504,0,411,Hartsfield-jackson Atlanta International,ATL,KATL,ATL,US,United States,33.640068,-84.44403,America/New_York,59.0,Nantucket Memorial,ACK,KACK,ACK,US,United States,41.256668,-70.05972,America/New_York
2023-05-18 15:24:12,en-route,A20N,A3A538,A20N,N334FR,F9,FFT,"Frontier Airlines, Inc.",F92354,FFT2354,6530.34,59,34.59,-80.07,750.06,0,411,Hartsfield-jackson Atlanta International,ATL,KATL,ATL,US,United States,33.640068,-84.44403,America/New_York,6649.0,Raleigh-durham International Airport,RDU,KRDU,RDU,US,United States,35.873592,-78.79086,America/New_York
2023-05-18 15:24:12,en-route,A20N,AD8892,A20N,N971NK,NK,NKS,Spirit Airlines,NK2703,NKS2703,10104.1,259,33.37,-86.03,796.36,0,411,Hartsfield-jackson Atlanta International,ATL,KATL,ATL,US,United States,33.640068,-84.44403,America/New_York,1756.0,Dallas/Fort Worth International,DFW,KDFW,DFW,US,United States,32.89746,-97.036125,America/Chicago
2023-05-18 15:24:12,en-route,A321,A3E8DC,A321,N351DN,DL,DAL,Delta Air Lines,DL1347,DAL1347,10972.8,247,31.98,-90.48,827.844,0,411,Hartsfield-jackson Atlanta International,ATL,KATL,ATL,US,United States,33.640068,-84.44403,America/New_York,6925.0,San Antonio International,SAT,KSAT,SAT,US,United States,29.524937,-98.47264,America/Chicago
2023-05-18 15:24:12,started,E190,A2D9EA,E190,N283JB,B6,JBU,JetBlue,B61150,JBU1150,0.0,264,33.64,-84.44,0.0,1,411,Hartsfield-jackson Atlanta International,ATL,KATL,ATL,US,United States,33.640068,-84.44403,America/New_York,876.0,Logan International,BOS,KBOS,BOS,US,United States,42.36646,-71.02018,America/New_York
2023-05-18 15:24:12,en-route,B712,ADD2B5,B712,N990AT,DL,DAL,Delta Air Lines,DL1730,DAL1730,9151.62,268,35.23,-95.42,820.436,0,411,Hartsfield-jackson Atlanta International,ATL,KATL,ATL,US,United States,33.640068,-84.44403,America/New_York,5722.0,Will Rogers World Airport,OKC,KOKC,OKC,US,United States,35.39563,-97.59609,America/Chicago
2023-05-18 15:24:12,landed,B752,A716F6,B752,N556NW,DL,DAL,Delta Air Lines,DL602,DAL602,0.0,239,19.43,-99.08,0.0,1,411,Hartsfield-jackson Atlanta International,ATL,KATL,ATL,US,United States,33.640068,-84.44403,America/New_York,4768.0,Internacional Benito Juarez,MEX,MMMX,MEX,MX,Mexico,19.435278,-99.07278,America/Mexico_City
2023-05-18 15:24:12,landed,A321,A32ACF,A321,N303DN,DL,DAL,Delta Air Lines,DL1572,DAL1572,0.0,112,29.99,-95.35,0.0,1,411,Hartsfield-jackson Atlanta International,ATL,KATL,ATL,US,United States,33.640068,-84.44403,America/New_York,3161.0,George Bush Intercontinental,IAH,KIAH,HOU,US,United States,29.983334,-95.34,America/Chicago
2023-05-18 15:24:12,en-route,A321,A4996B,A321,N396DN,DL,DAL,Delta Air Lines,DL601,DAL601,10744.2,182,28.2,-84.04,818.584,0,411,Hartsfield-jackson Atlanta International,ATL,KATL,ATL,US,United States,33.640068,-84.44403,America/New_York,1586.0,Cancún International,CUN,MMUN,CUN,MX,Mexico,21.040457,-86.874435,America/Cancun
2023-05-18 15:24:12,unknown,B712,AD2AF2,B712,N948AT,DL,DAL,Delta Air Lines,DL1727,DAL1727,1630.68,166,35.62,-82.62,388.92,0,411,Hartsfield-jackson Atlanta International,ATL,KATL,ATL,US,United States,33.640068,-84.44403,America/New_York,456.0,Asheville Regional Airport,AVL,KAVL,AVL,US,United States,35.43508,-82.537315,America/New_York
2023-05-18 15:24:12,en-route,B752,A8C724,B752,N665DN,DL,DAL,Delta Air Lines,DL1477,DAL1477,175.26,180,41.98,-87.9,29.632,0,411,Hartsfield-jackson Atlanta International,ATL,KATL,ATL,US,United States,33.640068,-84.44403,America/New_York,5818.0,Chicago O'hare International,ORD,KORD,CHI,US,United States,41.976913,-87.90488,America/Chicago
2023-05-18 15:24:12,en-route,CRJ9,A71337,CRJ9,N555NN,AA,AAL,American Airlines,AA5607,JIA5607,381.0,74,39.84,-75.37,287.06,0,411,Hartsfield-jackson Atlanta International,ATL,KATL,ATL,US,United States,33.640068,-84.44403,America/New_York,6091.0,Philadelphia International,PHL,KPHL,PHL,US,United States,39.87641,-75.2433,America/New_York
2023-05-18 15:24:12,en-route,B38M,AC3338,B38M,N8853Q,WN,SWA,Southwest Airlines Co.,WN2268,SWA2268,11887.2,23,36.37,-83.46,898.22,0,411,Hartsfield-jackson Atlanta International,ATL,KATL,ATL,US,United States,33.640068,-84.44403,America/New_York,1402.0,Port Columbus International,CMH,KCMH,CMH,US,United States,39.99818,-82.884964,America/New_York
2023-05-18 15:24:12,unknown,B737,AAA644,B737,N7856A,WN,SWA,Southwest Airlines Co.,WN423,SWA423,0.0,87,33.64,-84.43,0.0,1,411,Hartsfield-jackson Atlanta International,ATL,KATL,ATL,US,United States,33.640068,-84.44403,America/New_York,6703.0,Richmond International Airport,RIC,KRIC,RIC,US,United States,37.50611,-77.3225,America/New_York
2023-05-18 15:24:12,en-route,B738,ABAE2C,B738,N8515X,WN,SWA,Southwest Airlines Co.,WN2902,SWA2902,9144.0,252,33.03,-86.77,792.656,0,411,Hartsfield-jackson Atlanta International,ATL,KATL,ATL,US,United States,33.640068,-84.44403,America/New_York,3442.0,Jackson-evers,JAN,KJAN,JAN,US,United States,32.309895,-90.07496,America/Chicago
2023-05-18 15:24:12,en-route,A321,A379CD,A321,N323DN,DL,DAL,Delta Air Lines,DL1746,DAL1746,1996.44,329,42.7,-85.71,542.636,0,411,Hartsfield-jackson Atlanta International,ATL,KATL,ATL,US,United States,33.640068,-84.44403,America/New_York,2733.0,Gerald R. Ford International,GRR,KGRR,GRR,US,United States,42.88501,-85.52974,America/Detroit
2023-05-18 15:24:12,unknown,E170,AC0A75,E170,N875RW,DL,DAL,Delta Air Lines,DL5675,RPA5675,541.02,25,32.14,-80.75,222.24,0,411,Hartsfield-jackson Atlanta International,ATL,KATL,ATL,US,United States,33.640068,-84.44403,America/New_York,2934.0,Hilton Head,HHH,KHXD,HHH,US,United States,32.216667,-80.683334,America/New_York
2023-05-18 15:24:12,en-route,B712,AD0373,B712,N938AT,DL,DAL,Delta Air Lines,DL1695,DAL1695,822.96,1,39.03,-77.35,385.216,0,411,Hartsfield-jackson Atlanta International,ATL,KATL,ATL,US,United States,33.640068,-84.44403,America/New_York,3159.0,Washington Dulles International,IAD,KIAD,WAS,US,United States,38.95315,-77.44774,America/New_York
2023-05-18 15:24:12,en-route,A320,A438C3,A320,N371NW,DL,DAL,Delta Air Lines,DL2204,DAL2204,6233.16,11,34.57,-84.2,831.548,0,411,Hartsfield-jackson Atlanta International,ATL,KATL,ATL,US,United States,33.640068,-84.44403,America/New_York,9590.0,Lester B. Pearson International,YYZ,CYYZ,YTO,CA,Canada,43.681583,-79.61146,America/Toronto
2023-05-18 15:24:12,en-route,B752,A8D600,B752,N669DN,DL,DAL,Delta Air Lines,DL1949,DAL1949,11277.6,151,27.95,-81.44,857.476,0,411,Hartsfield-jackson Atlanta International,ATL,KATL,ATL,US,United States,33.640068,-84.44403,America/New_York,4676.0,Sangster International,MBJ,MKJS,MBJ,JM,,18.498465,-77.91663,America/Jamaica
2023-05-18 15:24:12,en-route,A321,A3524E,A321,N313DN,DL,DAL,Delta Air Lines,DL446,DAL446,2019.3,36,40.47,-74.21,501.892,0,411,Hartsfield-jackson Atlanta International,ATL,KATL,ATL,US,United States,33.640068,-84.44403,America/New_York,4297.0,La Guardia,LGA,KLGA,NYC,US,United States,40.774254,-73.87162,America/New_York
2023-05-18 15:24:12,en-route,B737,A5F976,B737,N484WN,WN,SWA,Southwest Airlines Co.,WN1693,SWA1693,350.52,44,39.69,-86.34,261.132,0,411,Hartsfield-jackson Atlanta International,ATL,KATL,ATL,US,United States,33.640068,-84.44403,America/New_York,3286.0,Indianapolis International,IND,KIND,IND,US,United States,39.714516,-86.29805,America/Indiana/Indianapolis
2023-05-18 15:24:12,en-route,B38M,AC2813,B38M,N8823Q,WN,SWA,Southwest Airlines Co.,WN2867,SWA2867,8290.56,351,39.82,-85.91,775.988,0,411,Hartsfield-jackson Atlanta International,ATL,KATL,ATL,US,United States,33.640068,-84.44403,America/New_York,4741.0,Midway,MDW,KMDW,CHI,US,United States,41.788136,-87.74087,America/Chicago
2023-05-18 15:24:12,en-route,A321,A46310,A321,N382DN,DL,DAL,Delta Air Lines,DL579,DAL579,830.58,126,21.13,-87.0,307.432,0,411,Hartsfield-jackson Atlanta International,ATL,KATL,ATL,US,United States,33.640068,-84.44403,America/New_York,1586.0,Cancún International,CUN,MMUN,CUN,MX,Mexico,21.040457,-86.874435,America/Cancun
2023-05-18 15:24:12,en-route,B739,ABF09E,B739,N869DN,DL,DAL,Delta Air Lines,DL2240,DAL2240,8839.2,58,33.92,-82.12,901.924,0,411,Hartsfield-jackson Atlanta International,ATL,KATL,ATL,US,United States,33.640068,-84.44403,America/New_York,6649.0,Raleigh-durham International Airport,RDU,KRDU,RDU,US,United States,35.873592,-78.79086,America/New_York
2023-05-18 15:24:12,en-route,B738,A45091,B738,N3773D,DL,DAL,Delta Air Lines,DL2413,DAL2413,3017.52,344,33.85,-84.18,537.08,0,411,Hartsfield-jackson Atlanta International,ATL,KATL,ATL,US,United States,33.640068,-84.44403,America/New_York,1604.0,Cincinnati/Northern Kentucky,CVG,KCVG,CVG,US,United States,39.0555,-84.66145,America/New_York
2023-05-18 15:24:12,started,B712,ADC8EE,B712,N988AT,DL,DAL,Delta Air Lines,DL2392,DAL2392,0.0,87,33.64,-84.43,5.556,1,411,Hartsfield-jackson Atlanta International,ATL,KATL,ATL,US,United States,33.640068,-84.44403,America/New_York,2679.0,Gainesville Regional,GNV,KGNV,GNV,US,United States,29.686142,-82.276794,America/New_York
2023-05-18 15:24:12,en-route,B739,AB5C69,B739,N831DN,DL,DAL,Delta Air Lines,DL2729,DAL2729,10363.2,311,35.5,-85.79,842.66,0,411,Hartsfield-jackson Atlanta International,ATL,KATL,ATL,US,United States,33.640068,-84.44403,America/New_York,7378.0,Lambert-St. Louis International,STL,KSTL,STL,US,United States,38.74228,-90.36587,America/Chicago
2023-05-18 15:24:12,unknown,B712,ACC961,B712,N923AT,DL,DAL,Delta Air Lines,DL2621,DAL2621,68.58,313,30.54,-91.16,270.392,0,411,Hartsfield-jackson Atlanta International,ATL,KATL,ATL,US,United States,33.640068,-84.44403,America/New_York,986.0,Ryan,BTR,KBTR,BTR,US,United States,30.532537,-91.156906,America/Chicago
2023-05-18 15:24:12,en-route,B752,A8DE33,B752,N6701,,,,DL2883,DAL2883,769.62,109,37.73,-77.58,311.136,0,411,Hartsfield-jackson Atlanta International,ATL,KATL,ATL,US,United States,33.640068,-84.44403,America/New_York,6703.0,Richmond International Airport,RIC,KRIC,RIC,US,United States,37.50611,-77.3225,America/New_York
2023-05-18 15:24:12,en-route,B712,ADE191,B712,N994AT,DL,DAL,Delta Air Lines,DL2867,DAL2867,2346.96,298,40.96,-95.44,503.744,0,411,Hartsfield-jackson Atlanta International,ATL,KATL,ATL,US,United States,33.640068,-84.44403,America/New_York,5764.0,Eppley Airfield,OMA,KOMA,OMA,US,United States,41.29957,-95.89972,America/Chicago
2023-05-18 15:24:12,en-route,A319,A65527,A319,N507NK,NK,NKS,Spirit Airlines,NK3102,NKS3102,1623.06,263,33.97,-118.06,409.292,0,411,Hartsfield-jackson Atlanta International,ATL,KATL,ATL,US,United States,33.640068,-84.44403,America/New_York,4189.0,Los Angeles International,LAX,KLAX,LAX,US,United States,33.943398,-118.40828,America/Los_Angeles
2023-05-18 15:24:12,en-route,B739,ACA99C,B739,N915DU,DL,DAL,Delta Air Lines,DL2825,DAL2825,10363.2,320,40.1,-90.03,803.768,0,411,Hartsfield-jackson Atlanta International,ATL,KATL,ATL,US,United States,33.640068,-84.44403,America/New_York,5106.0,Minneapolis - St. Paul International,MSP,KMSP,MSP,US,United States,44.883015,-93.21092,America/Chicago
2023-05-18 15:24:12,en-route,B712,ACF0E0,B712,N933AT,DL,DAL,Delta Air Lines,DL2943,DAL2943,9144.0,252,33.03,-86.77,809.324,0,411,Hartsfield-jackson Atlanta International,ATL,KATL,ATL,US,United States,33.640068,-84.44403,America/New_York,3442.0,Jackson-evers,JAN,KJAN,JAN,US,United States,32.309895,-90.07496,America/Chicago
2023-05-18 15:24:12,en-route,B738,AD5679,B738,N959DZ,DL,DAL,Delta Air Lines,DL2963,DAL2963,213.36,55,33.55,-86.78,301.876,0,411,Hartsfield-jackson Atlanta International,ATL,KATL,ATL,US,United States,33.640068,-84.44403,America/New_York,702.0,Birmingham,BHM,KBHM,BHM,US,United States,33.560833,-86.75219,America/Chicago
2023-05-18 15:24:12,landed,B739,A2CE05,B739,N280AK,AS,ASA,Alaska Airlines,AS493,ASA493,0.0,92,47.44,-122.31,24.076,1,411,Hartsfield-jackson Atlanta International,ATL,KATL,ATL,US,United States,33.640068,-84.44403,America/New_York,7004.0,Seattle-Tacoma International,SEA,KSEA,SEA,US,United States,47.44384,-122.301735,America/Los_Angeles
2023-05-18 15:24:12,unknown,CRJ9,AB04E6,CRJ9,N809SK,DL,DAL,Delta Air Lines,DL4175,SKW4175,929.64,75,33.19,-82.0,387.068,0,411,Hartsfield-jackson Atlanta International,ATL,KATL,ATL,US,United States,33.640068,-84.44403,America/New_York,145.0,Bush Field,AGS,KAGS,AGS,US,United States,33.373665,-81.973434,America/New_York
2023-05-18 15:24:12,en-route,A20N,AD1215,A20N,N941NK,NK,NKS,Spirit Airlines,NK1304,NKS1304,815.34,337,39.12,-76.91,431.516,0,411,Hartsfield-jackson Atlanta International,ATL,KATL,ATL,US,United States,33.640068,-84.44403,America/New_York,1043.0,Baltimore/Washington International Thurgood Marshall,BWI,KBWI,BWI,US,United States,39.179527,-76.66894,America/New_York
2023-05-18 15:24:12,unknown,A359,A76516,A359,N576DZ,DL,DAL,Delta Air Lines,XXD,N576DZ,0.0,90,33.64,-84.42,0.0,1,411,Hartsfield-jackson Atlanta International,ATL,KATL,ATL,US,United States,33.640068,-84.44403,America/New_York,,,,,,,,,,
2023-05-18 15:24:12,en-route,A20N,A42A91,A20N,N368FR,F9,FFT,"Frontier Airlines, Inc.",F92330,FFT2330,1097.28,300,39.04,-76.74,494.484,0,411,Hartsfield-jackson Atlanta International,ATL,KATL,ATL,US,United States,33.640068,-84.44403,America/New_York,1043.0,Baltimore/Washington International Thurgood Marshall,BWI,KBWI,BWI,US,United States,39.179527,-76.66894,America/New_York
2023-05-18 15:24:12,en-route,B752,A8AE7F,B752,N659DL,DL,DAL,Delta Air Lines,DL1946,DAL1946,10957.6,140,31.66,-82.74,825.992,0,411,Hartsfield-jackson Atlanta International,ATL,KATL,ATL,US,United States,33.640068,-84.44403,America/New_York,7143.0,Luis Munoz Marin International,SJU,TJSJ,SJU,PR,Puerto Rico,18.437403,-66.004684,America/Puerto_Rico
2023-05-18 15:24:12,en-route,C208,AB6C01,C208,N835MA,9X,FDY,,9X493,FDY493,1798.32,292,33.75,-85.43,301.876,0,411,Hartsfield-jackson Atlanta International,ATL,KATL,ATL,US,United States,33.640068,-84.44403,America/New_York,4905.0,Mc Kellar-Sipes Regional,MKL,KMKL,MKL,US,United States,35.60139,-88.915276,America/Chicago
2023-05-18 15:24:12,landed,A321,A9768A,A321,N709FR,F9,FFT,"Frontier Airlines, Inc.",F92297,FFT2297,0.0,275,39.85,-104.67,0.0,1,411,Hartsfield-jackson Atlanta International,ATL,KATL,ATL,US,United States,33.640068,-84.44403,America/New_York,1746.0,Denver International,DEN,KDEN,DEN,US,United States,39.84939,-104.672844,America/Denver
2023-05-18 15:24:12,landed,A20N,A3D425,A20N,N346FR,F9,FFT,"Frontier Airlines, Inc.",F92349,FFT2349,0.0,118,34.06,-117.6,0.0,1,411,Hartsfield-jackson Atlanta International,ATL,KATL,ATL,US,United States,33.640068,-84.44403,America/New_York,5796.0,Ontario International,ONT,KONT,ONT,US,United States,34.06068,-117.59765,America/Los_Angeles
2023-05-18 15:24:12,en-route,B712,AD3870,B712,N951AT,DL,DAL,Delta Air Lines,DL2567,DAL2567,3794.76,307,29.96,-82.62,555.6,0,2679,Gainesville Regional,GNV,KGNV,GNV,US,United States,29.686142,-82.276794,America/New_York,411.0,Hartsfield-jackson Atlanta International,ATL,KATL,ATL,US,United States,33.640068,-84.44403,America/New_York
2023-05-18 15:24:12,en-route,A321,A45F64,A321,N381DZ,DL,DAL,Delta Air Lines,DL608,DAL608,731.52,159,32.84,-97.02,348.176,0,1756,Dallas/Fort Worth International,DFW,KDFW,DFW,US,United States,32.89746,-97.036125,America/Chicago,411.0,Hartsfield-jackson Atlanta International,ATL,KATL,ATL,US,United States,33.640068,-84.44403,America/New_York
2023-05-18 15:24:12,en-route,B764,AB4489,B764,N825MH,DL,DAL,Delta Air Lines,DL33,DAL33,10972.8,242,46.27,-63.6,851.92,0,4329,Heathrow,LHR,EGLL,LON,GB,United Kingdom,51.469604,-0.453566,Europe/London,411.0,Hartsfield-jackson Atlanta International,ATL,KATL,ATL,US,United States,33.640068,-84.44403,America/New_York
2023-05-18 15:24:12,en-route,B752,A6F777,B752,N548US,DL,DAL,Delta Air Lines,DL980,DAL980,1188.72,88,33.65,-84.66,327.804,0,866,El Nuevo Dorado International,BOG,SKBO,BOG,CO,Colombia,4.698602,-74.143135,America/Bogota,411.0,Hartsfield-jackson Atlanta International,ATL,KATL,ATL,US,United States,33.640068,-84.44403,America/New_York
2023-05-18 15:24:12,en-route,A320,A3F133,A320,N353NW,DL,DAL,Delta Air Lines,DL1408,DAL1408,10668.0,75,29.85,-94.44,877.848,0,6925,San Antonio International,SAT,KSAT,SAT,US,United States,29.524937,-98.47264,America/Chicago,411.0,Hartsfield-jackson Atlanta International,ATL,KATL,ATL,US,United States,33.640068,-84.44403,America/New_York
2023-05-18 15:24:12,started,A321,A37D8D,A321,N324DX,DL,DAL,Delta Air Lines,DL874,DAL874,0.0,295,43.57,-116.23,38.892,1,868,Boise Air Terminal/Gowen Field,BOI,KBOI,BOI,US,United States,43.569263,-116.22193,America/Boise,411.0,Hartsfield-jackson Atlanta International,ATL,KATL,ATL,US,United States,33.640068,-84.44403,America/New_York
2023-05-18 15:24:12,en-route,B752,A6F009,B752,N546US,DL,DAL,Delta Air Lines,DL1147,DAL1147,6766.56,205,34.56,-83.75,814.88,0,5818,Chicago O'hare International,ORD,KORD,CHI,US,United States,41.976913,-87.90488,America/Chicago,411.0,Hartsfield-jackson Atlanta International,ATL,KATL,ATL,US,United States,33.640068,-84.44403,America/New_York
2023-05-18 15:24:12,en-route,A359,39CF06,A359,F-HTYG,AF,AFR,Air France,AF688,AFR688,12192.0,244,43.06,-70.16,851.92,0,1203,Charles De Gaulle,CDG,LFPG,PAR,FR,France,49.003197,2.567023,Europe/Paris,411.0,Hartsfield-jackson Atlanta International,ATL,KATL,ATL,US,United States,33.640068,-84.44403,America/New_York
2023-05-18 15:24:12,en-route,A321,A335F4,A321,N306DN,DL,DAL,Delta Air Lines,DL834,DAL834,10675.6,87,34.73,-106.11,861.18,0,4189,Los Angeles International,LAX,KLAX,LAX,US,United States,33.943398,-118.40828,America/Los_Angeles,411.0,Hartsfield-jackson Atlanta International,ATL,KATL,ATL,US,United States,33.640068,-84.44403,America/New_York
2023-05-18 15:24:12,en-route,B712,ADAB36,B712,N980AT,DL,DAL,Delta Air Lines,DL2184,DAL2184,3627.12,330,33.48,-84.11,707.464,0,1126,Metropolitan Airport,CAE,KCAE,CAE,US,United States,33.946907,-81.12501,America/New_York,411.0,Hartsfield-jackson Atlanta International,ATL,KATL,ATL,US,United States,33.640068,-84.44403,America/New_York
2023-05-18 15:24:12,en-route,A321,A3B028,A321,N337DN,DL,DAL,Delta Air Lines,DL329,DAL329,10058.4,112,38.55,-99.46,907.48,0,1746,Denver International,DEN,KDEN,DEN,US,United States,39.84939,-104.672844,America/Denver,411.0,Hartsfield-jackson Atlanta International,ATL,KATL,ATL,US,United States,33.640068,-84.44403,America/New_York
2023-05-18 15:24:12,en-route,B752,A6CFF8,B752,N538US,DL,DAL,Delta Air Lines,DL532,DAL532,10668.0,101,43.51,-108.0,892.664,0,7004,Seattle-Tacoma International,SEA,KSEA,SEA,US,United States,47.44384,-122.301735,America/Los_Angeles,411.0,Hartsfield-jackson Atlanta International,ATL,KATL,ATL,US,United States,33.640068,-84.44403,America/New_York
2023-05-18 15:24:12,en-route,A359,A75DA8,A359,N574DZ,DL,DAL,Delta Air Lines,DL75,DAL75,11582.4,220,41.43,-78.23,840.808,0,268,Schiphol,AMS,EHAM,AMS,NL,Netherlands,52.30907,4.763385,Europe/Amsterdam,411.0,Hartsfield-jackson Atlanta International,ATL,KATL,ATL,US,United States,33.640068,-84.44403,America/New_York
2023-05-18 15:24:12,en-route,B753,A7B13B,B753,N595NW,DL,DAL,Delta Air Lines,DL777,DAL777,10058.4,75,37.02,-110.48,926.0,0,4184,Mc Carran International,LAS,KLAS,LAS,US,United States,36.086945,-115.1486,America/Los_Angeles,411.0,Hartsfield-jackson Atlanta International,ATL,KATL,ATL,US,United States,33.640068,-84.44403,America/New_York
2023-05-18 15:24:12,unknown,A320,A5E095,A320,N478UA,UA,UAL,United Airlines,UA2415,UAL2415,464.82,90,33.63,-84.48,251.872,0,1746,Denver International,DEN,KDEN,DEN,US,United States,39.84939,-104.672844,America/Denver,411.0,Hartsfield-jackson Atlanta International,ATL,KATL,ATL,US,United States,33.640068,-84.44403,America/New_York
2023-05-18 15:24:12,en-route,B738,ABD254,B738,N8608N,WN,SWA,Southwest Airlines Co.,WN2585,SWA2585,800.1,90,33.65,-84.55,288.912,0,1402,Port Columbus International,CMH,KCMH,CMH,US,United States,39.99818,-82.884964,America/New_York,411.0,Hartsfield-jackson Atlanta International,ATL,KATL,ATL,US,United States,33.640068,-84.44403,America/New_York
2023-05-18 15:24:12,en-route,A321,A017A8,A321,N105DX,DL,DAL,Delta Air Lines,DL376,DAL376,10363.2,232,40.57,-74.98,809.324,0,876,Logan International,BOS,KBOS,BOS,US,United States,42.36646,-71.02018,America/New_York,411.0,Hartsfield-jackson Atlanta International,ATL,KATL,ATL,US,United States,33.640068,-84.44403,America/New_York
2023-05-18 15:24:12,en-route,B738,A4421D,B738,N3736C,DL,DAL,Delta Air Lines,DL1872,DAL1872,10972.8,316,23.48,-73.93,759.32,0,6171,Providenciales International Airport,PLS,MBPV,PLS,TC,Turks and Caicos Islands,21.769167,-72.26833,America/Grand_Turk,411.0,Hartsfield-jackson Atlanta International,ATL,KATL,ATL,US,United States,33.640068,-84.44403,America/New_York
2023-05-18 15:24:12,en-route,B739,ABAB67,B739,N851DN,DL,DAL,Delta Air Lines,DL1153,DAL1153,1181.1,13,33.51,-84.78,425.96,0,6845,Southwest Florida International,RSW,KRSW,FMY,US,United States,26.542835,-81.75433,America/New_York,411.0,Hartsfield-jackson Atlanta International,ATL,KATL,ATL,US,United States,33.640068,-84.44403,America/New_York
2023-05-18 15:24:12,en-route,B752,A6CC41,B752,N537US,DL,DAL,Delta Air Lines,DL2670,DAL2670,5737.86,208,39.02,-77.3,761.172,0,1043,Baltimore/Washington International Thurgood Marshall,BWI,KBWI,BWI,US,United States,39.179527,-76.66894,America/New_York,411.0,Hartsfield-jackson Atlanta International,ATL,KATL,ATL,US,United States,33.640068,-84.44403,America/New_York
2023-05-18 15:24:12,en-route,B752,A7081A,B752,N552NW,DL,DAL,Delta Air Lines,DL1332,DAL1332,10363.2,324,29.46,-83.22,848.216,0,4845,Miami International Airport,MIA,KMIA,MIA,US,United States,25.796,-80.27824,America/New_York,411.0,Hartsfield-jackson Atlanta International,ATL,KATL,ATL,US,United States,33.640068,-84.44403,America/New_York
2023-05-18 15:24:12,en-route,A21N,A4EE2E,A21N,N417AN,AA,AAL,American Airlines,AA990,AAL990,10066.0,62,35.24,-106.86,916.74,0,4189,Los Angeles International,LAX,KLAX,LAX,US,United States,33.943398,-118.40828,America/Los_Angeles,411.0,Hartsfield-jackson Atlanta International,ATL,KATL,ATL,US,United States,33.640068,-84.44403,America/New_York
2023-05-18 15:24:12,en-route,B752,A90EA8,B752,N683DA,DL,DAL,Delta Air Lines,DL1883,DAL1883,2316.48,310,18.61,-66.1,533.376,0,7143,Luis Munoz Marin International,SJU,TJSJ,SJU,PR,Puerto Rico,18.437403,-66.004684,America/Puerto_Rico,411.0,Hartsfield-jackson Atlanta International,ATL,KATL,ATL,US,United States,33.640068,-84.44403,America/New_York
2023-05-18 15:24:12,en-route,A321,A32368,A321,N301DV,DL,DAL,Delta Air Lines,DL514,DAL514,9753.6,224,35.76,-81.89,737.096,0,4297,La Guardia,LGA,KLGA,NYC,US,United States,40.774254,-73.87162,America/New_York,411.0,Hartsfield-jackson Atlanta International,ATL,KATL,ATL,US,United States,33.640068,-84.44403,America/New_York
2023-05-18 15:24:12,en-route,B739,AC8D3C,B739,N908DN,DL,DAL,Delta Air Lines,DL1870,DAL1870,10668.0,344,28.14,-81.09,846.364,0,2525,Owen Roberts International,GCM,MWCR,GCM,KY,Cayman Islands,19.29637,-81.35779,America/Cayman,411.0,Hartsfield-jackson Atlanta International,ATL,KATL,ATL,US,United States,33.640068,-84.44403,America/New_York
2023-05-18 15:24:12,en-route,B772,405BFB,B772,G-YMMR,BA,BAW,British Airways,BA227,BAW7TG,10363.2,265,52.1,-38.03,770.432,0,4329,Heathrow,LHR,EGLL,LON,GB,United Kingdom,51.469604,-0.453566,Europe/London,411.0,Hartsfield-jackson Atlanta International,ATL,KATL,ATL,US,United States,33.640068,-84.44403,America/New_York
2023-05-18 15:24:12,en-route,A321,A062EF,A321,N124DX,DL,DAL,Delta Air Lines,DL363,DAL363,1805.94,269,33.73,-84.66,520.412,0,876,Logan International,BOS,KBOS,BOS,US,United States,42.36646,-71.02018,America/New_York,411.0,Hartsfield-jackson Atlanta International,ATL,KATL,ATL,US,United States,33.640068,-84.44403,America/New_York
2023-05-18 15:24:12,en-route,B739,AB879F,B739,N842DN,DL,DAL,Delta Air Lines,DL713,DAL713,7635.24,91,45.74,-120.93,855.624,0,6023,Portland International,PDX,KPDX,PDX,US,United States,45.588997,-122.5929,America/Los_Angeles,411.0,Hartsfield-jackson Atlanta International,ATL,KATL,ATL,US,United States,33.640068,-84.44403,America/New_York
2023-05-18 15:24:12,en-route,B753,A79898,B753,N589NW,DL,DAL,Delta Air Lines,DL990,DAL990,10668.0,100,34.83,-88.73,916.74,0,6920,San Diego International Airport,SAN,KSAN,SAN,US,United States,32.731937,-117.19731,America/Los_Angeles,411.0,Hartsfield-jackson Atlanta International,ATL,KATL,ATL,US,United States,33.640068,-84.44403,America/New_York
2023-05-18 15:24:12,en-route,A20N,AD4FDE,A20N,N957NK,NK,NKS,Spirit Airlines,NK163,NKS163,883.92,90,33.62,-84.65,325.952,0,1756,Dallas/Fort Worth International,DFW,KDFW,DFW,US,United States,32.89746,-97.036125,America/Chicago,411.0,Hartsfield-jackson Atlanta International,ATL,KATL,ATL,US,United States,33.640068,-84.44403,America/New_York
2023-05-18 15:24:12,en-route,A321,A451DB,A321,N378DN,DL,DAL,Delta Air Lines,DL1354,DAL1354,10660.4,94,35.06,-90.67,635.236,0,41,Albuquerque International,ABQ,KABQ,ABQ,US,United States,35.049625,-106.617195,America/Denver,411.0,Hartsfield-jackson Atlanta International,ATL,KATL,ATL,US,United States,33.640068,-84.44403,America/New_York
2023-05-18 15:24:12,en-route,B763,A14FE0,B763,N184DN,DL,DAL,Delta Air Lines,DL193,DAL193,10972.8,229,38.47,-78.28,779.692,0,8261,Marco Polo,VCE,LIPZ,VCE,IT,Italy,45.502285,12.337947,Europe/Rome,411.0,Hartsfield-jackson Atlanta International,ATL,KATL,ATL,US,United States,33.640068,-84.44403,America/New_York
2023-05-18 15:24:12,en-route,B753,A79EA8,B753,N590NW,DL,DAL,Delta Air Lines,DL655,DAL655,2103.12,130,33.64,-84.91,429.664,0,7004,Seattle-Tacoma International,SEA,KSEA,SEA,US,United States,47.44384,-122.301735,America/Los_Angeles,411.0,Hartsfield-jackson Atlanta International,ATL,KATL,ATL,US,United States,33.640068,-84.44403,America/New_York
2023-05-18 15:24:12,en-route,B77W,485ECC,B77W,PH-BVW,KL,KLM,KLM,KL621,KLM166,9753.6,265,52.01,-32.57,835.252,0,268,Schiphol,AMS,EHAM,AMS,NL,Netherlands,52.30907,4.763385,Europe/Amsterdam,411.0,Hartsfield-jackson Atlanta International,ATL,KATL,ATL,US,United States,33.640068,-84.44403,America/New_York
2023-05-18 15:24:12,en-route,B39M,A44982,B39M,N37554,UA,UAL,United Airlines,UA753,UAL753,10058.4,93,38.43,-114.32,892.664,0,7038,San Francisco International,SFO,KSFO,SFO,US,United States,37.615215,-122.38988,America/Los_Angeles,411.0,Hartsfield-jackson Atlanta International,ATL,KATL,ATL,US,United States,33.640068,-84.44403,America/New_York
2023-05-18 15:24:12,en-route,A359,A7563A,A359,N572DZ,DL,DAL,Delta Air Lines,DL223,DAL223,12192.0,251,41.8,-68.04,829.696,0,407,"Athens International Airport ""Eleftherios Venizelos""",ATH,LGAV,ATH,GR,Greece,37.93635,23.946486,Europe/Athens,411.0,Hartsfield-jackson Atlanta International,ATL,KATL,ATL,US,United States,33.640068,-84.44403,America/New_York
2023-05-18 15:24:12,en-route,B752,A8DF2C,B752,N6708D,DL,DAL,Delta Air Lines,DL1099,DAL1099,1546.86,14,33.41,-84.84,520.412,0,7865,Tampa International,TPA,KTPA,TPA,US,United States,27.97987,-82.535416,America/New_York,411.0,Hartsfield-jackson Atlanta International,ATL,KATL,ATL,US,United States,33.640068,-84.44403,America/New_York
2023-05-18 15:24:12,en-route,B739,ACB878,B739,N919DU,DL,DAL,Delta Air Lines,DL1130,DAL1130,883.92,86,33.62,-84.66,324.1,0,6845,Southwest Florida International,RSW,KRSW,FMY,US,United States,26.542835,-81.75433,America/New_York,411.0,Hartsfield-jackson Atlanta International,ATL,KATL,ATL,US,United States,33.640068,-84.44403,America/New_York
2023-05-18 15:24:12,en-route,B752,A6DD76,B752,N541US,DL,DAL,Delta Air Lines,DL1885,DAL1885,10972.8,306,24.22,-73.03,735.244,0,7385,Cyril E King Airport,STT,TIST,STT,VI,U.S. Virgin Islands,18.3375,-64.969444,America/St_Thomas,411.0,Hartsfield-jackson Atlanta International,ATL,KATL,ATL,US,United States,33.640068,-84.44403,America/New_York
2023-05-18 15:24:12,en-route,B38M,C02CFC,B38M,C-FRAX,WS,WJA,WestJet,WS1590,WJA1590,10668.0,129,42.82,-96.14,913.036,0,9574,Calgary International Airport,YYC,CYYC,YYC,CA,Canada,51.131393,-114.01055,America/Edmonton,411.0,Hartsfield-jackson Atlanta International,ATL,KATL,ATL,US,United States,33.640068,-84.44403,America/New_York
2023-05-18 15:24:12,en-route,B739,AAFC36,B739,N807DN,DL,DAL,Delta Air Lines,DL957,DAL957,2773.68,165,33.91,-84.97,455.592,0,4701,Kansas City International Airport,MCI,KMCI,MKC,US,United States,39.293808,-94.719925,America/Chicago,411.0,Hartsfield-jackson Atlanta International,ATL,KATL,ATL,US,United States,33.640068,-84.44403,America/New_York
2023-05-18 15:24:12,en-route,A321,A3323D,A321,N305DN,DL,DAL,Delta Air Lines,DL346,DAL346,3665.22,194,34.02,-84.99,481.52,0,1746,Denver International,DEN,KDEN,DEN,US,United States,39.84939,-104.672844,America/Denver,411.0,Hartsfield-jackson Atlanta International,ATL,KATL,ATL,US,United States,33.640068,-84.44403,America/New_York
2023-05-18 15:24:12,unknown,A321,A3D3F0,A321,N346DN,DL,DAL,Delta Air Lines,DL848,DAL848,1089.66,89,33.65,-84.61,311.136,0,4297,La Guardia,LGA,KLGA,NYC,US,United States,40.774254,-73.87162,America/New_York,411.0,Hartsfield-jackson Atlanta International,ATL,KATL,ATL,US,United States,33.640068,-84.44403,America/New_York
2023-05-18 15:24:12,en-route,B752,AC7074,B752,N900PC,DL,DAL,Delta Air Lines,DL1038,DAL1038,4861.56,89,41.95,-87.05,748.208,0,5818,Chicago O'hare International,ORD,KORD,CHI,US,United States,41.976913,-87.90488,America/Chicago,411.0,Hartsfield-jackson Atlanta International,ATL,KATL,ATL,US,United States,33.640068,-84.44403,America/New_York
2023-05-18 15:24:12,en-route,B738,ADC532,B738,N987AN,AA,AAL,American Airlines,AA671,AAL671,10668.0,169,37.91,-87.09,879.7,0,5818,Chicago O'hare International,ORD,KORD,CHI,US,United States,41.976913,-87.90488,America/Chicago,411.0,Hartsfield-jackson Atlanta International,ATL,KATL,ATL,US,United States,33.640068,-84.44403,America/New_York
2023-05-18 15:24:12,en-route,A359,A670A3,A359,N514DN,DL,DAL,Delta Air Lines,DL527,DAL527,12496.8,99,34.93,-89.41,968.596,0,4189,Los Angeles International,LAX,KLAX,LAX,US,United States,33.943398,-118.40828,America/Los_Angeles,411.0,Hartsfield-jackson Atlanta International,ATL,KATL,ATL,US,United States,33.640068,-84.44403,America/New_York
2023-05-18 15:24:12,started,B752,A99B83,B752,N718TW,DL,DAL,Delta Air Lines,DL807,DAL807,0.0,118,33.68,-117.86,0.0,1,7224,John Wayne,SNA,KSNA,SNA,US,United States,33.680202,-117.860535,America/Los_Angeles,411.0,Hartsfield-jackson Atlanta International,ATL,KATL,ATL,US,United States,33.640068,-84.44403,America/New_York
2023-05-18 15:24:12,en-route,A321,A3D7A7,A321,N347DN,DL,DAL,Delta Air Lines,DL961,DAL961,868.68,89,33.62,-84.57,329.656,0,1756,Dallas/Fort Worth International,DFW,KDFW,DFW,US,United States,32.89746,-97.036125,America/Chicago,411.0,Hartsfield-jackson Atlanta International,ATL,KATL,ATL,US,United States,33.640068,-84.44403,America/New_York
2023-05-18 15:24:12,en-route,A321,A41412,A321,N362DN,DL,DAL,Delta Air Lines,DL1190,DAL1190,7452.36,305,27.55,-81.27,840.808,0,5966,Palm Beach International Airport,PBI,KPBI,PBI,US,United States,26.688885,-80.09044,America/New_York,411.0,Hartsfield-jackson Atlanta International,ATL,KATL,ATL,US,United States,33.640068,-84.44403,America/New_York
2023-05-18 15:24:12,en-route,B763,A1286C,B763,N174DZ,DL,DAL,Delta Air Lines,DL175,DAL175,10972.8,226,38.83,-77.61,792.656,0,5231,Milano Malpensa,MXP,LIMC,MIL,IT,Italy,45.627403,8.71237,Europe/Rome,411.0,Hartsfield-jackson Atlanta International,ATL,KATL,ATL,US,United States,33.640068,-84.44403,America/New_York
2023-05-18 15:24:12,started,A320,A3B4C8,A320,N338NW,DL,DAL,Delta Air Lines,DL759,DAL759,0.0,225,38.85,-77.04,0.0,1,1718,Ronald Reagan Washington National Airport,DCA,KDCA,WAS,US,United States,38.853436,-77.04346,America/New_York,411.0,Hartsfield-jackson Atlanta International,ATL,KATL,ATL,US,United States,33.640068,-84.44403,America/New_York
2023-05-18 15:24:12,unknown,A333,AAEE43,A333,N803NW,DL,DAL,Delta Air Lines,DL215,DAL215,739.14,90,33.62,-84.54,274.096,0,2280,Leonardo Da Vinci (Fiumicino),FCO,LIRF,ROM,IT,Italy,41.794594,12.250346,Europe/Rome,411.0,Hartsfield-jackson Atlanta International,ATL,KATL,ATL,US,United States,33.640068,-84.44403,America/New_York
2023-05-18 15:24:12,en-route,B753,A7A9CD,B753,N593NW,DL,DAL,Delta Air Lines,DL899,DAL899,10058.4,71,33.93,-115.46,853.772,0,4189,Los Angeles International,LAX,KLAX,LAX,US,United States,33.943398,-118.40828,America/Los_Angeles,411.0,Hartsfield-jackson Atlanta International,ATL,KATL,ATL,US,United States,33.640068,-84.44403,America/New_York
2023-05-18 15:24:12,unknown,A320,A3B111,A320,N337NW,DL,DAL,Delta Air Lines,DL366,DAL366,1463.04,90,33.65,-84.68,324.1,0,1718,Ronald Reagan Washington National Airport,DCA,KDCA,WAS,US,United States,38.853436,-77.04346,America/New_York,411.0,Hartsfield-jackson Atlanta International,ATL,KATL,ATL,US,United States,33.640068,-84.44403,America/New_York
2023-05-18 15:24:12,en-route,A321,A03F1E,A321,N115DN,DL,DAL,Delta Air Lines,DL538,DAL538,9296.4,55,32.09,-86.84,931.556,0,6925,San Antonio International,SAT,KSAT,SAT,US,United States,29.524937,-98.47264,America/Chicago,411.0,Hartsfield-jackson Atlanta International,ATL,KATL,ATL,US,United States,33.640068,-84.44403,America/New_York
2023-05-18 15:24:12,unknown,B764,AB7376,B764,N837MH,DL,DAL,Delta Air Lines,DL549,DAL549,381.0,90,33.62,-84.47,266.688,0,4707,Orlando International,MCO,KMCO,ORL,US,United States,28.432177,-81.308304,America/New_York,411.0,Hartsfield-jackson Atlanta International,ATL,KATL,ATL,US,United States,33.640068,-84.44403,America/New_York
2023-05-18 15:24:12,en-route,B739,AB8F0D,B739,N844DN,DL,DAL,Delta Air Lines,DL871,DAL871,9220.2,141,35.03,-85.8,863.032,0,7038,San Francisco International,SFO,KSFO,SFO,US,United States,37.615215,-122.38988,America/Los_Angeles,411.0,Hartsfield-jackson Atlanta International,ATL,KATL,ATL,US,United States,33.640068,-84.44403,America/New_York
2023-05-18 15:24:12,en-route,A321,A3EC93,A321,N352DN,DL,DAL,Delta Air Lines,DL500,DAL500,1943.1,90,33.63,-84.77,387.068,0,4184,Mc Carran International,LAS,KLAS,LAS,US,United States,36.086945,-115.1486,America/Los_Angeles,411.0,Hartsfield-jackson Atlanta International,ATL,KATL,ATL,US,United States,33.640068,-84.44403,America/New_York
2023-05-18 15:24:12,en-route,B763,A17B16,B763,N195DN,DL,DAL,Delta Air Lines,DL1030,DAL1030,10058.4,316,31.13,-81.63,840.808,0,4707,Orlando International,MCO,KMCO,ORL,US,United States,28.432177,-81.308304,America/New_York,411.0,Hartsfield-jackson Atlanta International,ATL,KATL,ATL,US,United States,33.640068,-84.44403,America/New_York
2023-05-18 15:24:12,unknown,B763,A16273,B763,N189DN,DL,DAL,Delta Air Lines,DL117,DAL117,861.06,90,33.65,-84.56,290.764,0,7383,Stuttgart Echterdingen,STR,EDDS,STR,DE,Germany,48.69073,9.193624,Europe/Berlin,411.0,Hartsfield-jackson Atlanta International,ATL,KATL,ATL,US,United States,33.640068,-84.44403,America/New_York
2023-05-18 15:24:12,en-route,B737,ACAB3F,B737,N915WN,WN,SWA,Southwest Airlines Co.,WN2058,SWA2058,8557.26,183,38.69,-86.49,846.364,0,3286,Indianapolis International,IND,KIND,IND,US,United States,39.714516,-86.29805,America/Indiana/Indianapolis,411.0,Hartsfield-jackson Atlanta International,ATL,KATL,ATL,US,United States,33.640068,-84.44403,America/New_York
2023-05-18 15:24:12,en-route,A321,A35605,A321,N314DN,DL,DAL,Delta Air Lines,DL396,DAL396,6713.22,230,40.44,-75.21,844.512,0,4297,La Guardia,LGA,KLGA,NYC,US,United States,40.774254,-73.87162,America/New_York,411.0,Hartsfield-jackson Atlanta International,ATL,KATL,ATL,US,United States,33.640068,-84.44403,America/New_York
2023-05-18 15:24:12,en-route,A321,A426A5,A321,N367DN,DL,DAL,Delta Air Lines,DL842,DAL842,2712.72,176,33.82,-84.94,451.888,0,7174,Salt Lake City International,SLC,KSLC,SLC,US,United States,40.785645,-111.980675,America/Denver,411.0,Hartsfield-jackson Atlanta International,ATL,KATL,ATL,US,United States,33.640068,-84.44403,America/New_York
2023-05-18 15:24:12,en-route,A320,A403C6,A320,N358NW,DL,DAL,Delta Air Lines,DL2818,DAL2818,6088.38,223,34.31,-83.61,722.28,0,228,Albany International,ALB,KALB,ALB,US,United States,42.745277,-73.809555,America/New_York,411.0,Hartsfield-jackson Atlanta International,ATL,KATL,ATL,US,United States,33.640068,-84.44403,America/New_York
2023-05-18 15:24:12,en-route,CRJ9,A09961,CRJ9,N138EV,DL,DAL,Delta Air Lines,DL4697,EDV4697,6096.0,205,35.7,-83.1,701.908,0,7898,Tri-cities Regional,TRI,KTRI,TRI,US,United States,36.48111,-82.40785,America/New_York,411.0,Hartsfield-jackson Atlanta International,ATL,KATL,ATL,US,United States,33.640068,-84.44403,America/New_York
2023-05-18 15:24:12,unknown,B739,AB4EEB,B739,N828DN,DL,DAL,Delta Air Lines,DL827,DAL827,685.8,89,33.63,-84.53,281.504,0,838,Nashville International,BNA,KBNA,BNA,US,United States,36.13174,-86.668945,America/Chicago,411.0,Hartsfield-jackson Atlanta International,ATL,KATL,ATL,US,United States,33.640068,-84.44403,America/New_York
2023-05-18 15:24:12,en-route,A321,A3AC7A,A321,N336DX,DL,DAL,Delta Air Lines,DL733,DAL733,10050.8,85,31.79,-104.58,864.884,0,6100,Sky Harbor International,PHX,KPHX,PHX,US,United States,33.435036,-112.00016,America/Phoenix,411.0,Hartsfield-jackson Atlanta International,ATL,KATL,ATL,US,United States,33.640068,-84.44403,America/New_York
2023-05-18 15:24:12,en-route,A319,A356DB,A319,N314NB,DL,DAL,Delta Air Lines,DL1866,DAL1866,4892.04,38,26.06,-99.63,761.172,0,5141,Gen Mariano Escobedo,MTY,MMMY,MTY,MX,Mexico,25.77657,-100.114395,America/Monterrey,411.0,Hartsfield-jackson Atlanta International,ATL,KATL,ATL,US,United States,33.640068,-84.44403,America/New_York
2023-05-18 15:24:12,en-route,B712,AD2384,B712,N946AT,DL,DAL,Delta Air Lines,DL1187,DAL1187,662.94,90,33.65,-84.52,255.576,0,9517,Pierre Elliott Trudeau International,YUL,CYUL,YMQ,CA,Canada,45.457714,-73.74991,America/Montreal,411.0,Hartsfield-jackson Atlanta International,ATL,KATL,ATL,US,United States,33.640068,-84.44403,America/New_York
2023-05-18 15:24:12,en-route,A320,A81773,A320,N620NK,NK,NKS,Spirit Airlines,NK631,NKS631,1508.76,90,33.63,-84.7,351.88,0,4189,Los Angeles International,LAX,KLAX,LAX,US,United States,33.943398,-118.40828,America/Los_Angeles,411.0,Hartsfield-jackson Atlanta International,ATL,KATL,ATL,US,United States,33.640068,-84.44403,America/New_York
2023-05-18 15:24:12,en-route,B739,ABD2E6,B739,N861DN,DL,DAL,Delta Air Lines,DL2335,DAL2335,7307.58,172,41.95,-87.7,811.176,0,4898,General Mitchell International,MKE,KMKE,MKE,US,United States,42.948093,-87.90267,America/Chicago,411.0,Hartsfield-jackson Atlanta International,ATL,KATL,ATL,US,United States,33.640068,-84.44403,America/New_York
2023-05-18 15:24:12,started,B753,A7824E,B753,N583NW,DL,DAL,Delta Air Lines,DL850,DAL850,0.0,106,32.74,-117.2,7.408,1,6920,San Diego International Airport,SAN,KSAN,SAN,US,United States,32.731937,-117.19731,America/Los_Angeles,411.0,Hartsfield-jackson Atlanta International,ATL,KATL,ATL,US,United States,33.640068,-84.44403,America/New_York
2023-05-18 15:24:12,started,B752,A8DED6,B752,N6705Y,DL,DAL,Delta Air Lines,DL1919,DAL1919,0.0,264,18.56,-68.37,16.668,1,6369,Punta Cana International,PUJ,MDPC,PUJ,DO,Dominican Republic,18.562477,-68.364,America/Santo_Domingo,411.0,Hartsfield-jackson Atlanta International,ATL,KATL,ATL,US,United States,33.640068,-84.44403,America/New_York
2023-05-18 15:24:12,unknown,A320,A3866D,A320,N326US,DL,DAL,Delta Air Lines,DL2873,DAL2873,1325.88,89,33.63,-84.66,338.916,0,5722,Will Rogers World Airport,OKC,KOKC,OKC,US,United States,35.39563,-97.59609,America/Chicago,411.0,Hartsfield-jackson Atlanta International,ATL,KATL,ATL,US,United States,33.640068,-84.44403,America/New_York
2023-05-18 15:24:12,en-route,B744,899112,B744,B-18707,CI,CAL,China Airlines,CI5256,CAL5256,10668.0,134,41.22,-92.23,951.928,0,278,Ted Stevens Anchorage International Airport,ANC,PANC,ANC,US,United States,61.174442,-149.99638,America/Anchorage,411.0,Hartsfield-jackson Atlanta International,ATL,KATL,ATL,US,United States,33.640068,-84.44403,America/New_York
2023-05-18 15:24:12,en-route,A359,A7615F,A359,N575DZ,DL,DAL,Delta Air Lines,DL249,DAL249,12192.0,254,41.89,-66.47,813.028,0,7785,Ben Gurion International,TLV,LLBG,TLV,IL,Israel,32.000454,34.870743,Asia/Jerusalem,411.0,Hartsfield-jackson Atlanta International,ATL,KATL,ATL,US,United States,33.640068,-84.44403,America/New_York
2023-05-18 15:24:12,en-route,A359,A65800,A359,N508DN,DL,DAL,Delta Air Lines,DL26,DAL26,11887.2,93,48.92,-129.91,811.176,0,3183,Seoul (Incheon),ICN,RKSI,SEL,KR,South Korea,37.448524,126.45123,Asia/Seoul,411.0,Hartsfield-jackson Atlanta International,ATL,KATL,ATL,US,United States,33.640068,-84.44403,America/New_York
2023-05-18 15:24:12,en-route,A333,AB2C0C,A333,N819NW,DL,DAL,Delta Air Lines,DL15,DAL15,502.92,89,33.62,-84.49,246.316,0,2401,Frankfurt International Airport,FRA,EDDF,FRA,DE,Germany,50.050735,8.570773,Europe/Berlin,411.0,Hartsfield-jackson Atlanta International,ATL,KATL,ATL,US,United States,33.640068,-84.44403,America/New_York
2023-05-18 15:24:12,en-route,A359,4BB0EC,A359,TC-LGL,TK,THY,THY - Turkish Airlines,TK31,THY31K,12192.0,225,53.59,-70.23,907.48,0,3371,Istanbul Airport,IST,LTBA,IST,TR,Turkey,40.976665,28.815277,Europe/Istanbul,411.0,Hartsfield-jackson Atlanta International,ATL,KATL,ATL,US,United States,33.640068,-84.44403,America/New_York
2023-05-18 15:24:12,en-route,A339,407DC5,A339,G-VTOM,VS,VIR,Virgin Atlantic,VS103,VIR103M,1485.9,179,33.68,-84.91,403.736,0,4329,Heathrow,LHR,EGLL,LON,GB,United Kingdom,51.469604,-0.453566,Europe/London,411.0,Hartsfield-jackson Atlanta International,ATL,KATL,ATL,US,United States,33.640068,-84.44403,America/New_York
2023-05-18 15:24:12,en-route,A20N,A406C9,A20N,N359FR,F9,FFT,"Frontier Airlines, Inc.",F9218,FFT218,10889.0,51,31.72,-87.33,907.48,0,6918,El Salvador International,SAL,MSLP,SAL,SV,El Salvador,13.445126,-89.05723,America/El_Salvador,411.0,Hartsfield-jackson Atlanta International,ATL,KATL,ATL,US,United States,33.640068,-84.44403,America/New_York
2023-05-18 15:24:12,en-route,A321,A0103B,A321,N103DY,DL,DAL,Delta Air Lines,DL841,DAL841,10668.0,93,39.31,-99.97,914.888,0,7174,Salt Lake City International,SLC,KSLC,SLC,US,United States,40.785645,-111.980675,America/Denver,411.0,Hartsfield-jackson Atlanta International,ATL,KATL,ATL,US,United States,33.640068,-84.44403,America/New_York
2023-05-18 15:24:12,en-route,A321,A339B4,A321,N307DX,DL,DAL,Delta Air Lines,DL967,DAL967,1501.14,269,33.73,-84.81,488.928,0,1718,Ronald Reagan Washington National Airport,DCA,KDCA,WAS,US,United States,38.853436,-77.04346,America/New_York,411.0,Hartsfield-jackson Atlanta International,ATL,KATL,ATL,US,United States,33.640068,-84.44403,America/New_York
2023-05-18 15:24:12,en-route,CRJ9,A08317,CRJ9,N132EV,DL,DAL,Delta Air Lines,DL5352,EDV5352,4442.46,61,33.04,-85.24,659.312,0,8333,Valdosta Regional Airport,VLD,KVLD,VLD,US,United States,30.78389,-83.27722,America/New_York,411.0,Hartsfield-jackson Atlanta International,ATL,KATL,ATL,US,United States,33.640068,-84.44403,America/New_York
2023-05-18 15:24:12,en-route,A20N,AD5395,A20N,N958NK,NK,NKS,Spirit Airlines,NK1220,NKS1220,11574.8,229,38.73,-77.89,744.504,0,876,Logan International,BOS,KBOS,BOS,US,United States,42.36646,-71.02018,America/New_York,411.0,Hartsfield-jackson Atlanta International,ATL,KATL,ATL,US,United States,33.640068,-84.44403,America/New_York
2023-05-18 15:24:12,en-route,A359,A65BB7,A359,N509DN,DL,DAL,Delta Air Lines,DL296,DAL296,12496.8,89,39.3,-114.43,920.444,0,3009,Haneda Airport,HND,RJTT,TYO,JP,Japan,35.54907,139.78453,Asia/Tokyo,411.0,Hartsfield-jackson Atlanta International,ATL,KATL,ATL,US,United States,33.640068,-84.44403,America/New_York
2023-05-18 15:24:12,unknown,B712,AD83B7,B712,N970AT,DL,DAL,Delta Air Lines,DL9964,DAL9964,777.24,90,33.63,-84.55,301.876,0,1756,Dallas/Fort Worth International,DFW,KDFW,DFW,US,United States,32.89746,-97.036125,America/Chicago,411.0,Hartsfield-jackson Atlanta International,ATL,KATL,ATL,US,United States,33.640068,-84.44403,America/New_York
2023-05-18 15:24:12,en-route,A321,A399DE,A321,N331DN,DL,DAL,Delta Air Lines,DL1527,DAL1527,10370.8,327,29.86,-83.55,853.772,0,5966,Palm Beach International Airport,PBI,KPBI,PBI,US,United States,26.688885,-80.09044,America/New_York,411.0,Hartsfield-jackson Atlanta International,ATL,KATL,ATL,US,United States,33.640068,-84.44403,America/New_York
2023-05-18 15:24:12,en-route,A319,A3A222,A319,N333NB,DL,DAL,Delta Air Lines,DL1318,DAL1318,11285.2,92,32.58,-88.99,901.924,0,1692,Love Field,DAL,KDAL,DFW,US,United States,32.84391,-96.85,America/Chicago,411.0,Hartsfield-jackson Atlanta International,ATL,KATL,ATL,US,United States,33.640068,-84.44403,America/New_York
2023-05-18 15:24:12,en-route,A320,A41144,A320,N361NW,DL,DAL,Delta Air Lines,DL1682,DAL1682,3436.62,49,33.12,-85.07,559.304,0,3161,George Bush Intercontinental,IAH,KIAH,HOU,US,United States,29.983334,-95.34,America/Chicago,411.0,Hartsfield-jackson Atlanta International,ATL,KATL,ATL,US,United States,33.640068,-84.44403,America/New_York
2023-05-18 15:24:12,en-route,B739,AD5C89,B739,N960DZ,DL,DAL,Delta Air Lines,DL2043,DAL2043,1379.22,89,33.63,-84.67,337.064,0,4757,Memphis International,MEM,KMEM,MEM,US,United States,35.04458,-89.98226,America/Chicago,411.0,Hartsfield-jackson Atlanta International,ATL,KATL,ATL,US,United States,33.640068,-84.44403,America/New_York
2023-05-18 15:24:12,en-route,B752,A7133F,B752,N555NW,DL,DAL,Delta Air Lines,DL585,DAL585,11887.2,18,27.84,-83.74,892.664,0,1586,Cancún International,CUN,MMUN,CUN,MX,Mexico,21.040457,-86.874435,America/Cancun,411.0,Hartsfield-jackson Atlanta International,ATL,KATL,ATL,US,United States,33.640068,-84.44403,America/New_York
2023-05-18 15:24:12,en-route,CRJ7,A3F3DC,CRJ7,N354CA,DL,DAL,Delta Air Lines,DL5142,EDV5142,9692.64,288,25.44,-77.83,764.876,0,2590,Exuma International,GGT,MYEF,GGT,BS,Bahamas,23.564018,-75.872475,America/Nassau,411.0,Hartsfield-jackson Atlanta International,ATL,KATL,ATL,US,United States,33.640068,-84.44403,America/New_York
2023-05-18 15:24:12,en-route,B738,A44E1C,B738,N377DE,DL,DAL,Delta Air Lines,DL1120,DAL1120,8176.26,205,35.52,-83.21,788.952,0,4284,Blue Grass,LEX,KLEX,LEX,US,United States,38.03762,-84.59792,America/New_York,411.0,Hartsfield-jackson Atlanta International,ATL,KATL,ATL,US,United States,33.640068,-84.44403,America/New_York
2023-05-18 15:24:12,en-route,B739,AC6364,B739,N898DN,DL,DAL,Delta Air Lines,DL1452,DAL1452,10058.4,171,39.13,-89.29,911.184,0,5106,Minneapolis - St. Paul International,MSP,KMSP,MSP,US,United States,44.883015,-93.21092,America/Chicago,411.0,Hartsfield-jackson Atlanta International,ATL,KATL,ATL,US,United States,33.640068,-84.44403,America/New_York
2023-05-18 15:24:12,en-route,B752,A6F3C0,B752,N547US,DL,DAL,Delta Air Lines,DL581,DAL581,10972.8,328,17.51,-71.69,801.916,0,425,Reina Beatrix,AUA,TNCA,AUA,AW,Aruba,12.502222,-70.013885,America/Aruba,411.0,Hartsfield-jackson Atlanta International,ATL,KATL,ATL,US,United States,33.640068,-84.44403,America/New_York
2023-05-18 15:24:12,started,B752,AB3C61,B752,N823DX,DL,DAL,Delta Air Lines,DL587,DAL587,0.0,286,19.43,-99.09,29.632,1,4768,Internacional Benito Juarez,MEX,MMMX,MEX,MX,Mexico,19.435278,-99.07278,America/Mexico_City,411.0,Hartsfield-jackson Atlanta International,ATL,KATL,ATL,US,United States,33.640068,-84.44403,America/New_York
2023-05-18 15:24:12,en-route,B738,A491F1,B738,N394DA,DL,DAL,Delta Air Lines,DL576,DAL576,10668.0,47,28.12,-94.33,859.328,0,4768,Internacional Benito Juarez,MEX,MMMX,MEX,MX,Mexico,19.435278,-99.07278,America/Mexico_City,411.0,Hartsfield-jackson Atlanta International,ATL,KATL,ATL,US,United States,33.640068,-84.44403,America/New_York
2023-05-18 15:24:12,started,A321,A3FB6F,A321,N356DN,DL,DAL,Delta Air Lines,DL1592,DAL1592,0.0,258,30.2,-97.66,0.0,1,443,Austin-bergstrom International,AUS,KAUS,AUS,US,United States,30.202545,-97.66706,America/Chicago,411.0,Hartsfield-jackson Atlanta International,ATL,KATL,ATL,US,United States,33.640068,-84.44403,America/New_York
2023-05-18 15:24:12,en-route,A321,A35D73,A321,N316DN,DL,DAL,Delta Air Lines,DL1755,DAL1755,10355.6,263,26.44,-77.7,772.284,0,6369,Punta Cana International,PUJ,MDPC,PUJ,DO,Dominican Republic,18.562477,-68.364,America/Santo_Domingo,411.0,Hartsfield-jackson Atlanta International,ATL,KATL,ATL,US,United States,33.640068,-84.44403,America/New_York
2023-05-18 15:24:12,unknown,B763,A0F46F,B763,N1603,DL,DAL,Delta Air Lines,DL1512,DAL1512,647.7,89,33.62,-84.52,248.168,0,2344,Fort Lauderdale–Hollywood International,FLL,KFLL,FLL,US,United States,26.071491,-80.144905,America/New_York,411.0,Hartsfield-jackson Atlanta International,ATL,KATL,ATL,US,United States,33.640068,-84.44403,America/New_York
2023-05-18 15:24:12,started,E75L,A55090,E75L,N441YX,AA,AAL,American Airlines,AA4278,RPA4278,3.6576,352,38.86,-77.04,0.0,1,1718,Ronald Reagan Washington National Airport,DCA,KDCA,WAS,US,United States,38.853436,-77.04346,America/New_York,411.0,Hartsfield-jackson Atlanta International,ATL,KATL,ATL,US,United States,33.640068,-84.44403,America/New_York
2023-05-18 15:24:12,started,A21N,A4C2F8,A21N,N406AN,AA,AAL,American Airlines,AA2338,AAL2338,0.0,177,25.8,-80.28,0.0,1,4845,Miami International Airport,MIA,KMIA,MIA,US,United States,25.796,-80.27824,America/New_York,411.0,Hartsfield-jackson Atlanta International,ATL,KATL,ATL,US,United States,33.640068,-84.44403,America/New_York
2023-05-18 15:24:12,en-route,B764,AB6851,B764,N834MH,DL,DAL,Delta Air Lines,DL31,DAL31,10363.2,227,37.26,-79.99,787.1,0,4329,Heathrow,LHR,EGLL,LON,GB,United Kingdom,51.469604,-0.453566,Europe/London,411.0,Hartsfield-jackson Atlanta International,ATL,KATL,ATL,US,United States,33.640068,-84.44403,America/New_York
2023-05-18 15:24:12,en-route,B77L,3C4583,B77L,D-AALC,3S,BOX,,3S422,BOX422,10972.8,269,51.11,-36.1,785.248,0,2401,Frankfurt International Airport,FRA,EDDF,FRA,DE,Germany,50.050735,8.570773,Europe/Berlin,411.0,Hartsfield-jackson Atlanta International,ATL,KATL,ATL,US,United States,33.640068,-84.44403,America/New_York
2023-05-18 15:24:12,en-route,B738,AC0B7F,B738,N87512,UA,UAL,United Airlines,UA1213,UAL1213,8610.6,224,34.93,-82.89,816.732,0,2232,Newark Liberty International,EWR,KEWR,NYC,US,United States,40.68907,-74.17876,America/New_York,411.0,Hartsfield-jackson Atlanta International,ATL,KATL,ATL,US,United States,33.640068,-84.44403,America/New_York
2023-05-18 15:24:12,started,B38M,AC3688,B38M,N8860S,WN,SWA,Southwest Airlines Co.,WN2910,SWA2910,0.0,300,40.78,-73.88,5.556,1,4297,La Guardia,LGA,KLGA,NYC,US,United States,40.774254,-73.87162,America/New_York,411.0,Hartsfield-jackson Atlanta International,ATL,KATL,ATL,US,United States,33.640068,-84.44403,America/New_York
2023-05-18 15:24:12,unknown,B38M,ABFD39,B38M,N8716B,WN,SWA,Southwest Airlines Co.,WN2853,SWA2853,1531.62,90,33.63,-84.69,351.88,0,4701,Kansas City International Airport,MCI,KMCI,MKC,US,United States,39.293808,-94.719925,America/Chicago,411.0,Hartsfield-jackson Atlanta International,ATL,KATL,ATL,US,United States,33.640068,-84.44403,America/New_York
2023-05-18 15:24:12,en-route,B712,AD876E,B712,N971AT,DL,DAL,Delta Air Lines,DL2364,DAL2364,594.36,90,33.62,-84.51,287.06,0,7772,Tallahassee Regional Airport,TLH,KTLH,TLH,US,United States,30.395782,-84.34444,America/New_York,411.0,Hartsfield-jackson Atlanta International,ATL,KATL,ATL,US,United States,33.640068,-84.44403,America/New_York
2023-05-18 15:24:12,en-route,A319,AA1BE0,A319,N750UW,AA,AAL,American Airlines,AA1565,AAL1565,4236.72,221,34.19,-83.74,700.056,0,1388,Charlotte Douglas,CLT,KCLT,CLT,US,United States,35.219166,-80.93584,America/New_York,411.0,Hartsfield-jackson Atlanta International,ATL,KATL,ATL,US,United States,33.640068,-84.44403,America/New_York
2023-05-18 15:24:12,en-route,B737,A5BD0B,B737,N469WN,WN,SWA,Southwest Airlines Co.,WN2044,SWA2044,8092.44,223,34.8,-83.04,755.616,0,1043,Baltimore/Washington International Thurgood Marshall,BWI,KBWI,BWI,US,United States,39.179527,-76.66894,America/New_York,411.0,Hartsfield-jackson Atlanta International,ATL,KATL,ATL,US,United States,33.640068,-84.44403,America/New_York
2023-05-18 15:24:12,en-route,A321,A8B926,A321,N661NK,NK,NKS,Spirit Airlines,NK806,NKS806,10447.0,100,34.69,-87.85,894.516,0,4184,Mc Carran International,LAS,KLAS,LAS,US,United States,36.086945,-115.1486,America/Los_Angeles,411.0,Hartsfield-jackson Atlanta International,ATL,KATL,ATL,US,United States,33.640068,-84.44403,America/New_York
2023-05-18 15:24:12,en-route,B752,A6C4D3,B752,N535US,DL,DAL,Delta Air Lines,DL1525,DAL1525,7673.34,330,28.89,-82.97,835.252,0,7865,Tampa International,TPA,KTPA,TPA,US,United States,27.97987,-82.535416,America/New_York,411.0,Hartsfield-jackson Atlanta International,ATL,KATL,ATL,US,United States,33.640068,-84.44403,America/New_York
2023-05-18 15:24:12,en-route,CRJ7,A482FC,CRJ7,N390CA,DL,DAL,Delta Air Lines,DL5269,EDV5269,10668.0,323,31.0,-81.32,853.772,0,4827,Marsh Harbour Airport,MHH,MYAM,MHH,BS,Bahamas,26.513428,-77.07712,America/Nassau,411.0,Hartsfield-jackson Atlanta International,ATL,KATL,ATL,US,United States,33.640068,-84.44403,America/New_York
2023-05-18 15:24:12,unknown,B739,ABFE1C,B739,N872DN,DL,DAL,Delta Air Lines,DL2270,DAL2270,571.5,89,33.65,-84.5,275.948,0,6091,Philadelphia International,PHL,KPHL,PHL,US,United States,39.87641,-75.2433,America/New_York,411.0,Hartsfield-jackson Atlanta International,ATL,KATL,ATL,US,United States,33.640068,-84.44403,America/New_York
2023-05-18 15:24:12,en-route,A320,A382B6,A320,N325US,DL,DAL,Delta Air Lines,DL2215,DAL2215,10363.2,225,36.98,-80.36,759.32,0,6389,T. F. Green Airport,PVD,KPVD,PVD,US,United States,41.72631,-71.43632,America/New_York,411.0,Hartsfield-jackson Atlanta International,ATL,KATL,ATL,US,United States,33.640068,-84.44403,America/New_York
2023-05-18 15:24:12,started,A320,A8C028,A320,N663JB,B6,JBU,JetBlue,B61719,JBU1719,0.0,199,40.65,-73.78,0.0,1,3498,John F Kennedy International,JFK,KJFK,NYC,US,United States,40.642334,-73.78817,America/New_York,411.0,Hartsfield-jackson Atlanta International,ATL,KATL,ATL,US,United States,33.640068,-84.44403,America/New_York
2023-05-18 15:24:12,en-route,B738,A4A484,B738,N399DA,DL,DAL,Delta Air Lines,DL2178,DAL2178,10363.2,228,37.79,-79.26,763.024,0,2232,Newark Liberty International,EWR,KEWR,NYC,US,United States,40.68907,-74.17876,America/New_York,411.0,Hartsfield-jackson Atlanta International,ATL,KATL,ATL,US,United States,33.640068,-84.44403,America/New_York
2023-05-18 15:24:12,unknown,B752,AB313C,B752,N820DX,DL,DAL,Delta Air Lines,DL2177,DAL2177,335.28,90,33.65,-84.45,242.612,0,6703,Richmond International Airport,RIC,KRIC,RIC,US,United States,37.50611,-77.3225,America/New_York,411.0,Hartsfield-jackson Atlanta International,ATL,KATL,ATL,US,United States,33.640068,-84.44403,America/New_York
2023-05-18 15:24:12,en-route,B739,AB23B5,B739,N817DN,DL,DAL,Delta Air Lines,DL2137,DAL2137,4953.0,198,41.63,-83.45,744.504,0,1936,Detroit Metropolitan Wayne County,DTW,KDTW,DTT,US,United States,42.20781,-83.35605,America/Detroit,411.0,Hartsfield-jackson Atlanta International,ATL,KATL,ATL,US,United States,33.640068,-84.44403,America/New_York
2023-05-18 15:24:12,en-route,A319,A37E5A,A319,N324NB,DL,DAL,Delta Air Lines,DL2107,DAL2107,883.92,63,33.61,-84.73,381.512,0,2241,Key West International Airport,EYW,KEYW,EYW,US,United States,24.553574,-81.75501,America/New_York,411.0,Hartsfield-jackson Atlanta International,ATL,KATL,ATL,US,United States,33.640068,-84.44403,America/New_York
2023-05-18 15:24:12,en-route,B38M,AC2B80,B38M,N8831L,WN,SWA,Southwest Airlines Co.,WN1819,SWA1819,7261.86,11,29.14,-81.49,794.508,0,4707,Orlando International,MCO,KMCO,ORL,US,United States,28.432177,-81.308304,America/New_York,411.0,Hartsfield-jackson Atlanta International,ATL,KATL,ATL,US,United States,33.640068,-84.44403,America/New_York
2023-05-18 15:24:12,en-route,B739,AB72B3,B739,N837DN,DL,DAL,Delta Air Lines,DL1965,DAL1965,10058.4,310,31.88,-82.44,840.808,0,5309,Nassau International,NAS,MYNN,NAS,BS,Bahamas,25.048223,-77.463776,America/Nassau,411.0,Hartsfield-jackson Atlanta International,ATL,KATL,ATL,US,United States,33.640068,-84.44403,America/New_York
2023-05-18 15:24:12,en-route,A321,A722B1,A321,N559UW,AA,AAL,American Airlines,AA1008,AAL1008,8229.6,90,32.56,-89.2,887.108,0,1756,Dallas/Fort Worth International,DFW,KDFW,DFW,US,United States,32.89746,-97.036125,America/Chicago,411.0,Hartsfield-jackson Atlanta International,ATL,KATL,ATL,US,United States,33.640068,-84.44403,America/New_York
2023-05-18 15:24:12,en-route,B752,A8F9C6,B752,N678DL,DL,DAL,Delta Air Lines,DL1928,DAL1928,4869.18,351,19.12,-77.91,737.096,0,4676,Sangster International,MBJ,MKJS,MBJ,JM,,18.498465,-77.91663,America/Jamaica,411.0,Hartsfield-jackson Atlanta International,ATL,KATL,ATL,US,United States,33.640068,-84.44403,America/New_York
2023-05-18 15:24:12,en-route,B738,A495B4,B738,N395DN,DL,DAL,Delta Air Lines,DL1802,DAL1802,10972.8,339,21.37,-89.47,813.028,0,1104,Philip S. W. Goldson International,BZE,MZBZ,BZE,BZ,Belize,17.539167,-88.308334,America/Belize,411.0,Hartsfield-jackson Atlanta International,ATL,KATL,ATL,US,United States,33.640068,-84.44403,America/New_York
2023-05-18 15:24:12,en-route,CRJ9,AAEE9C,CRJ9,N803SK,DL,DAL,Delta Air Lines,DL4014,SKW4014,4808.22,38,32.92,-85.25,655.608,0,4995,Mobile Regional Airport,MOB,KMOB,MOB,US,United States,30.681086,-88.24475,America/Chicago,411.0,Hartsfield-jackson Atlanta International,ATL,KATL,ATL,US,United States,33.640068,-84.44403,America/New_York
2023-05-18 15:24:12,en-route,A21N,A4BB8A,A21N,N404AN,AA,AAL,American Airlines,AA2461,AAL2461,10073.6,109,36.17,-93.83,913.036,0,6100,Sky Harbor International,PHX,KPHX,PHX,US,United States,33.435036,-112.00016,America/Phoenix,411.0,Hartsfield-jackson Atlanta International,ATL,KATL,ATL,US,United States,33.640068,-84.44403,America/New_York
2023-05-18 15:24:12,en-route,A320,A9335A,A320,N692NK,NK,NKS,Spirit Airlines,NK1082,NKS1082,10066.0,141,35.34,-86.1,850.068,0,5106,Minneapolis - St. Paul International,MSP,KMSP,MSP,US,United States,44.883015,-93.21092,America/Chicago,411.0,Hartsfield-jackson Atlanta International,ATL,KATL,ATL,US,United States,33.640068,-84.44403,America/New_York
2023-05-18 15:24:12,en-route,B712,AD1FCD,B712,N945AT,DL,DAL,Delta Air Lines,DL2496,DAL2496,8534.4,265,33.65,-81.23,827.844,0,5258,Myrtle Beach AFB,MYR,KMYR,MYR,US,United States,33.682674,-78.92294,America/New_York,411.0,Hartsfield-jackson Atlanta International,ATL,KATL,ATL,US,United States,33.640068,-84.44403,America/New_York
2023-05-18 15:24:12,en-route,B739,AB400F,B739,N824DN,DL,DAL,Delta Air Lines,DL2777,DAL2777,8229.6,106,35.55,-83.73,668.572,0,4351,Adams Field Airport,LIT,KLIT,LIT,US,United States,34.727432,-92.221375,America/Chicago,411.0,Hartsfield-jackson Atlanta International,ATL,KATL,ATL,US,United States,33.640068,-84.44403,America/New_York
2023-05-18 15:24:12,en-route,B752,A8DC10,B752,N670DN,DL,DAL,Delta Air Lines,DL2711,DAL2711,868.68,90,33.65,-84.56,303.728,0,1043,Baltimore/Washington International Thurgood Marshall,BWI,KBWI,BWI,US,United States,39.179527,-76.66894,America/New_York,411.0,Hartsfield-jackson Atlanta International,ATL,KATL,ATL,US,United States,33.640068,-84.44403,America/New_York
2023-05-18 15:24:12,en-route,B752,AB2B2C,B752,N819DX,DL,DAL,Delta Air Lines,DL2510,DAL2510,7406.64,205,34.69,-83.68,825.992,0,6120,Pittsburgh International,PIT,KPIT,PIT,US,United States,40.49585,-80.25657,America/New_York,411.0,Hartsfield-jackson Atlanta International,ATL,KATL,ATL,US,United States,33.640068,-84.44403,America/New_York
2023-05-18 15:24:12,en-route,B764,AB60E3,B764,N832MH,DL,DAL,Delta Air Lines,DL85,DAL85,9144.0,263,47.43,-41.48,863.032,0,1203,Charles De Gaulle,CDG,LFPG,PAR,FR,France,49.003197,2.567023,Europe/Paris,411.0,Hartsfield-jackson Atlanta International,ATL,KATL,ATL,US,United States,33.640068,-84.44403,America/New_York
2023-05-18 15:24:12,en-route,A320,A8A785,A320,N657JB,B6,JBU,JetBlue,B62814,JBU2814,10972.8,225,36.93,-80.43,729.688,0,4297,La Guardia,LGA,KLGA,NYC,US,United States,40.774254,-73.87162,America/New_York,411.0,Hartsfield-jackson Atlanta International,ATL,KATL,ATL,US,United States,33.640068,-84.44403,America/New_York
2023-05-18 15:24:12,started,B712,AD7282,B712,N966AT,DL,DAL,Delta Air Lines,DL2667,DAL2667,0.0,340,35.04,-85.2,0.0,1,1287,Lovell Field,CHA,KCHA,CHA,US,United States,35.036926,-85.197784,America/New_York,411.0,Hartsfield-jackson Atlanta International,ATL,KATL,ATL,US,United States,33.640068,-84.44403,America/New_York
2023-05-18 15:24:12,en-route,B738,ABBB24,B738,N855NN,AA,AAL,American Airlines,AA2871,AAL2871,10972.8,326,29.61,-83.18,840.808,0,4845,Miami International Airport,MIA,KMIA,MIA,US,United States,25.796,-80.27824,America/New_York,411.0,Hartsfield-jackson Atlanta International,ATL,KATL,ATL,US,United States,33.640068,-84.44403,America/New_York
2023-05-18 15:24:12,en-route,A320,A78945,A320,N585JB,B6,JBU,JetBlue,B62719,JBU2719,3764.28,226,34.0,-83.95,629.68,0,3498,John F Kennedy International,JFK,KJFK,NYC,US,United States,40.642334,-73.78817,America/New_York,411.0,Hartsfield-jackson Atlanta International,ATL,KATL,ATL,US,United States,33.640068,-84.44403,America/New_York
2023-05-18 15:24:12,en-route,A320,A93E7F,A320,N695NK,NK,NKS,Spirit Airlines,NK98,NKS98,10363.2,227,37.05,-80.28,772.284,0,2232,Newark Liberty International,EWR,KEWR,NYC,US,United States,40.68907,-74.17876,America/New_York,411.0,Hartsfield-jackson Atlanta International,ATL,KATL,ATL,US,United States,33.640068,-84.44403,America/New_York
2023-05-18 15:24:12,en-route,A320,A414FB,A320,N362NW,DL,DAL,Delta Air Lines,DL564,DAL564,1485.9,268,33.73,-84.8,433.368,0,9590,Lester B. Pearson International,YYZ,CYYZ,YTO,CA,Canada,43.681583,-79.61146,America/Toronto,411.0,Hartsfield-jackson Atlanta International,ATL,KATL,ATL,US,United States,33.640068,-84.44403,America/New_York
2023-05-18 15:24:12,en-route,CRJ9,C025FC,CRJ9,C-FOJZ,AC,ACA,Air Canada,AC8567,JZA567,11582.4,211,42.91,-76.41,805.62,0,9517,Pierre Elliott Trudeau International,YUL,CYUL,YMQ,CA,Canada,45.457714,-73.74991,America/Montreal,411.0,Hartsfield-jackson Atlanta International,ATL,KATL,ATL,US,United States,33.640068,-84.44403,America/New_York
2023-05-18 15:24:12,started,B712,AD1C16,B712,N944AT,DL,DAL,Delta Air Lines,DL2450,DAL2450,0.0,87,28.1,-80.66,57.412,1,4920,Melbourne International Airport,MLB,KMLB,MLB,US,United States,28.1025,-80.63028,America/New_York,411.0,Hartsfield-jackson Atlanta International,ATL,KATL,ATL,US,United States,33.640068,-84.44403,America/New_York
2023-05-18 15:24:12,en-route,B712,ADD66C,B712,N991AT,DL,DAL,Delta Air Lines,DL2721,DAL2721,9753.6,147,37.83,-83.62,840.808,0,1703,James Cox Dayton International,DAY,KDAY,DAY,US,United States,39.898006,-84.220764,America/New_York,411.0,Hartsfield-jackson Atlanta International,ATL,KATL,ATL,US,United States,33.640068,-84.44403,America/New_York
2023-05-18 15:24:12,unknown,B739,AD6040,B739,N961DZ,DL,DAL,Delta Air Lines,DL2698,DAL2698,670.56,90,33.65,-84.52,285.208,0,1604,Cincinnati/Northern Kentucky,CVG,KCVG,CVG,US,United States,39.0555,-84.66145,America/New_York,411.0,Hartsfield-jackson Atlanta International,ATL,KATL,ATL,US,United States,33.640068,-84.44403,America/New_York
2023-05-18 15:24:12,en-route,B738,A46E35,B738,N385DN,DL,DAL,Delta Air Lines,DL2620,DAL2620,3901.44,156,34.14,-84.97,561.156,0,3286,Indianapolis International,IND,KIND,IND,US,United States,39.714516,-86.29805,America/Indiana/Indianapolis,411.0,Hartsfield-jackson Atlanta International,ATL,KATL,ATL,US,United States,33.640068,-84.44403,America/New_York
2023-05-18 15:24:12,en-route,B739,AC0CF8,B739,N876DN,DL,DAL,Delta Air Lines,DL2739,DAL2739,10363.2,225,35.97,-81.64,772.284,0,604,Bradley International,BDL,KBDL,BDL,US,United States,41.92953,-72.6847,America/New_York,411.0,Hartsfield-jackson Atlanta International,ATL,KATL,ATL,US,United States,33.640068,-84.44403,America/New_York
2023-05-18 15:24:12,en-route,B752,A8EAEA,B752,N674DL,DL,DAL,Delta Air Lines,DL2788,DAL2788,7315.2,223,34.5,-83.39,822.288,0,1043,Baltimore/Washington International Thurgood Marshall,BWI,KBWI,BWI,US,United States,39.179527,-76.66894,America/New_York,411.0,Hartsfield-jackson Atlanta International,ATL,KATL,ATL,US,United States,33.640068,-84.44403,America/New_York
2023-05-18 15:24:12,en-route,B752,A8E262,B752,N6714Q,DL,DAL,Delta Air Lines,DL2781,DAL2781,10972.8,239,35.96,-78.61,775.988,0,5820,Norfolk International Airport,ORF,KORF,ORF,US,United States,36.898582,-76.20629,America/New_York,411.0,Hartsfield-jackson Atlanta International,ATL,KATL,ATL,US,United States,33.640068,-84.44403,America/New_York
2023-05-18 15:24:12,en-route,B739,AD63F7,B739,N962DZ,DL,DAL,Delta Air Lines,DL2899,DAL2899,3543.3,188,33.35,-86.57,681.536,0,702,Birmingham,BHM,KBHM,BHM,US,United States,33.560833,-86.75219,America/Chicago,411.0,Hartsfield-jackson Atlanta International,ATL,KATL,ATL,US,United States,33.640068,-84.44403,America/New_York
2023-05-18 15:24:12,en-route,B763,A0F4F6,B763,N16065,DL,DAL,Delta Air Lines,DL195,DAL195,7383.78,212,34.86,-83.24,698.204,0,580,El Prat De Llobregat,BCN,LEBL,BCN,ES,Spain,41.30303,2.07593,Europe/Madrid,411.0,Hartsfield-jackson Atlanta International,ATL,KATL,ATL,US,United States,33.640068,-84.44403,America/New_York
2023-05-18 15:24:12,unknown,B752,A6D3AF,B752,N539US,DL,DAL,Delta Air Lines,DL2923,DAL2923,365.76,90,33.62,-84.46,250.02,0,3451,"Jacksonville,",JAX,KJAX,JAX,US,United States,30.491657,-81.68306,America/New_York,411.0,Hartsfield-jackson Atlanta International,ATL,KATL,ATL,US,United States,33.640068,-84.44403,America/New_York
2023-05-18 15:24:12,en-route,C750,AA2744,C750,N753XJ,XOJ,XOJ,,XOJ753,XOJ753,12192.0,316,29.08,-82.7,881.552,0,2344,Fort Lauderdale–Hollywood International,FLL,KFLL,FLL,US,United States,26.071491,-80.144905,America/New_York,411.0,Hartsfield-jackson Atlanta International,ATL,KATL,ATL,US,United States,33.640068,-84.44403,America/New_York
2023-05-18 15:24:12,unknown,A320,A3D890,A320,N347NW,DL,DAL,Delta Air Lines,DL2961,DAL2961,464.82,90,33.65,-84.47,248.168,0,1374,Hopkins International,CLE,KCLE,CLE,US,United States,41.410854,-81.83821,America/New_York,411.0,Hartsfield-jackson Atlanta International,ATL,KATL,ATL,US,United States,33.640068,-84.44403,America/New_York
2023-05-18 15:24:12,en-route,B739,AB678E,B739,N834DN,DL,DAL,Delta Air Lines,DL2934,DAL2934,9448.8,122,36.61,-85.24,868.588,0,7378,Lambert-St. Louis International,STL,KSTL,STL,US,United States,38.74228,-90.36587,America/Chicago,411.0,Hartsfield-jackson Atlanta International,ATL,KATL,ATL,US,United States,33.640068,-84.44403,America/New_York
2023-05-18 15:24:12,en-route,B39M,ACA1DA,B39M,N913AK,AS,ASA,Alaska Airlines,AS464,ASA464,10058.4,108,45.67,-112.55,827.844,0,7004,Seattle-Tacoma International,SEA,KSEA,SEA,US,United States,47.44384,-122.301735,America/Los_Angeles,411.0,Hartsfield-jackson Atlanta International,ATL,KATL,ATL,US,United States,33.640068,-84.44403,America/New_York
2023-05-18 15:24:12,unknown,B764,AB6C08,B764,N835MH,DL,DAL,Delta Air Lines,DL131,DAL131,1287.78,90,33.65,-84.64,331.508,0,5145,Franz Josef Strauss,MUC,EDDM,MUC,DE,Germany,48.353004,11.790143,Europe/Berlin,411.0,Hartsfield-jackson Atlanta International,ATL,KATL,ATL,US,United States,33.640068,-84.44403,America/New_York
2023-05-18 15:24:12,en-route,A333,AB538B,A333,N829NW,DL,DAL,Delta Air Lines,DL67,DAL67,11582.4,258,42.2,-65.16,770.432,0,2280,Leonardo Da Vinci (Fiumicino),FCO,LIRF,ROM,IT,Italy,41.794594,12.250346,Europe/Rome,411.0,Hartsfield-jackson Atlanta International,ATL,KATL,ATL,US,United States,33.640068,-84.44403,America/New_York
2023-05-18 15:24:12,en-route,B77W,06A078,B77W,A7-BAK,QR,QTR,Qatar Airways,QR755,QTR74V,10668.0,155,36.3,-83.36,851.92,0,1875,Doha International,DOH,OTHH,DOH,QA,Qatar,25.267569,51.558067,Asia/Qatar,411.0,Hartsfield-jackson Atlanta International,ATL,KATL,ATL,US,United States,33.640068,-84.44403,America/New_York
2023-05-18 15:24:12,en-route,E55P,A390D5,E55P,N329MC,,,,XXD,N329MC,12496.8,226,39.31,-76.97,679.684,0,6315,Pittsfield,PSF,KPSF,PSF,US,United States,42.426666,-73.291664,America/New_York,411.0,Hartsfield-jackson Atlanta International,ATL,KATL,ATL,US,United States,33.640068,-84.44403,America/New_York
2023-05-18 15:24:12,en-route,B763,A49CE2,B763,N397AZ,,,,8C3434,ATN3434,8199.12,176,38.25,-84.49,783.396,0,1604,Cincinnati/Northern Kentucky,CVG,KCVG,CVG,US,United States,39.0555,-84.66145,America/New_York,411.0,Hartsfield-jackson Atlanta International,ATL,KATL,ATL,US,United States,33.640068,-84.44403,America/New_York
2023-05-18 15:24:12,en-route,A320,A81B2A,A320,N621NK,NK,NKS,Spirit Airlines,NK1784,NKS1784,6553.2,178,41.22,-87.89,733.392,0,5818,Chicago O'hare International,ORD,KORD,CHI,US,United States,41.976913,-87.90488,America/Chicago,411.0,Hartsfield-jackson Atlanta International,ATL,KATL,ATL,US,United States,33.640068,-84.44403,America/New_York
2023-05-18 15:24:12,en-route,A359,39CF00,A359,F-HTYA,AF,AFR,Air France,AF686,AFR686,11581.2,269,48.06,-33.41,846.364,0,1203,Charles De Gaulle,CDG,LFPG,PAR,FR,France,49.003197,2.567023,Europe/Paris,411.0,Hartsfield-jackson Atlanta International,ATL,KATL,ATL,US,United States,33.640068,-84.44403,America/New_York
